dataset,learning_rate,epochs,batch_size,activation,nodes_per_layer,num_layers,optimizer,target_indices,target_vals,mod_indices,new_vals,threshold,strategy,loss,epsilon,lrdecay,method,fixed_seed,chtc_num,min_acc_test_orig,avg_acc_test_orig,max_acc_test_orig,stdev_acc_test_orig,min_acc_train_orig,avg_acc_train_orig,max_acc_train_orig,stdev_acc_train_orig,min_acc_test_shift,avg_acc_test_shift,max_acc_test_shift,stdev_acc_test_shift,min_acc_train_shift,avg_acc_train_shift,max_acc_train_shift,stdev_acc_train_shift,top1_orig,top1_25_orig,top1_75_orig,top2_orig,top2_25_orig,top2_75_orig,top3_orig,top3_25_orig,top3_75_orig,top4_orig,top4_25_orig,top4_75_orig,top5_orig,top5_25_orig,top5_75_orig,gradnorm_orig,gradnorm_25_orig,gradnorm_75_orig,top1_shift,top1_25_shift,top1_75_shift,top2_shift,top2_25_shift,top2_75_shift,top3_shift,top3_25_shift,top3_75_shift,top4_shift,top4_25_shift,top4_75_shift,top5_shift,top5_25_shift,top5_75_shift,gradnorm_shift,gradnorm_25_shift,gradnorm_75_shift,top1_orig_compare,top1_25_orig_compare,top1_75_orig_compare,top2_orig_compare,top2_25_orig_compare,top2_75_orig_compare,top3_orig_compare,top3_25_orig_compare,top3_75_orig_compare,top4_orig_compare,top4_25_orig_compare,top4_75_orig_compare,top5_orig_compare,top5_25_orig_compare,top5_75_orig_compare,gradnorm_orig_compare,gradnorm_25_orig_compare,gradnorm_75_orig_compare,top1_shift_compare,top1_25_shift_compare,top1_75_shift_compare,top2_shift_compare,top2_25_shift_compare,top2_75_shift_compare,top3_shift_compare,top3_25_shift_compare,top3_75_shift_compare,top4_shift_compare,top4_25_shift_compare,top4_75_shift_compare,top5_shift_compare,top5_25_shift_compare,top5_75_shift_compare,gradnorm_shift_compare,gradnorm_25_shift_compare,gradnorm_75_shift_compare
whobin_75,0.2,10,128,soft,100,5,sgd,0,0,0,0,0.0,random,None,0.0,0.8,softplus,0,10481490,0.4663023679417122,0.5965391621129321,0.843351548269581,0.12524712549906372,0.48633879781420764,0.5566120218579235,0.8245294474802671,0.05744756030172254,0.49453551912568305,0.711079234972678,0.8510928961748634,0.12474323340211363,0.5168488160291439,0.6943852459016395,0.8843351548269581,0.1188316191452446,0.058383838383838385,0.05555555555555555,0.06181818181818182,0.11494949494949495,0.11242424242424243,0.11818181818181818,0.1719191919191956,0.16868686868687227,0.17474747474747865,0.22686868686868686,0.2242929292929293,0.23030303030303031,0.28250505050506425,0.2798787878788011,0.2855757575757703,0.00518365008488119,0.00476219463375176,0.0057611502911334945,0.12222222222222222,0.10242424242424242,0.16414141414141414,0.19494949494949496,0.181010101010101,0.2198989898989899,0.2563636363636368,0.2460606060606076,0.27095959595959396,0.3142929292929293,0.30395202020202017,0.32323232323232326,0.36660606060607626,0.35439393939395436,0.37500000000001443,0.04806438035883279,0.036749421583193685,0.05729733169458091,0.46,0.44,0.49,0.52,0.5,0.54,0.56,0.5433333333333333,0.5800000000000001,0.595,0.575,0.615,0.624,0.6079999999999997,0.6419999999999999,0.4436189928373055,0.3767384667535977,0.6128515393706434,0.46,0.43,0.49,0.52,0.505,0.54,0.5633333333333332,0.5433333333333334,0.58,0.595,0.575,0.615,0.6239999999999999,0.606,0.6419999999999999,0.4747684833103203,0.38021986850909834,0.620189963578075
whobin_75,0.001,10,128,soft,50,5,adam,0,0,0,0,0.0,random,None,0.0,0.8,softplus,0,10481477,0.8597449908925319,0.8747905282331516,0.8888888888888888,0.006605872084255301,0.8864602307225258,0.9049969641772921,0.9162112932604736,0.00488943162706528,0.8524590163934426,0.874193989071038,0.8866120218579235,0.006486108037935349,0.8979963570127505,0.9175409836065572,0.9285063752276868,0.0055774152636641865,0.9602020202020202,0.9216161616161617,0.98,0.7070707070707071,0.6723232323232323,0.7395959595959596,0.730101010100988,0.6983164983164744,0.7639730639730417,0.7483838383838384,0.7096464646464646,0.7877272727272727,0.7444040404040568,0.6986666666666742,0.7802828282828539,0.7849835321262746,0.73490179858618,0.9596453870679651,0.9602020202020202,0.9406060606060606,0.98,0.733030303030303,0.7105050505050505,0.7646969696969697,0.8578787878787746,0.8153367003366787,0.9108417508417486,0.7515404040404041,0.7316666666666667,0.7778787878787878,0.7088080808080929,0.6824141414141355,0.7305353535353643,0.8334322409660628,0.7862617641771664,1.041258872692043,0.97,0.95,0.98,0.885,0.865,0.91,0.8600000000000001,0.8433333333333333,0.8733333333333337,0.865,0.8525,0.88,0.8579999999999991,0.8459999999999992,0.8679999999999995,1.4637000054545972,1.3257837945392403,1.8927639189721488,0.965,0.95,0.98,0.885,0.86,0.905,0.856666666666667,0.8366666666666669,0.8733333333333334,0.865,0.85,0.8775,0.857999999999999,0.845999999999999,0.8679999999999992,1.4919679185937675,1.3376521863112318,2.047422589739706
whobin_62,0.2,10,128,soft,25,5,sgd,0,0,0,0,0.0,random,None,0.0,0.8,softplus,0,10481494,0.4650655021834061,0.5150873362445417,0.7838427947598253,0.07241545097624316,0.46938775510204084,0.5093075801749269,0.5918367346938775,0.01859096572475167,0.48770491803278687,0.5443579234972671,0.8743169398907104,0.09403104901152474,0.51183970856102,0.5452732240437157,0.8702185792349727,0.06134510848493748,0.054343434343434346,0.052525252525252523,0.056363636363636366,0.11050505050505051,0.1087878787878788,0.11262626262626263,0.16666666666667007,0.16493265993266298,0.16868686868687205,0.2222222222222222,0.2207070707070707,0.22443181818181818,0.27822222222223547,0.276616161616175,0.2798686868686997,0.004159138414327652,0.003874944387550253,0.004422598443797109,0.055353535353535356,0.05313131313131313,0.05757575757575758,0.11212121212121212,0.11,0.11414141414141414,0.1683501683501718,0.16619528619528917,0.17063973063973403,0.22424242424242424,0.22207070707070706,0.2264141414141414,0.2799595959596092,0.2778989898990035,0.2819393939394073,0.016198513860863108,0.006437324502380647,0.019336180816238165,0.77,0.74,0.8,0.805,0.785,0.825,0.8233333333333336,0.8100000000000002,0.84,0.84,0.83,0.85,0.8499999999999993,0.8399999999999994,0.8599999999999995,0.24913351946550433,0.03386967545819994,0.4018398986390478,0.77,0.7475,0.8,0.805,0.785,0.825,0.8233333333333335,0.8100000000000002,0.8399999999999999,0.8375,0.8275,0.8475,0.8499999999999994,0.8414999999999992,0.8599999999999993,0.34517372842986466,0.041002809027027146,0.4085135581031363
whobin_62,0.001,10,128,soft,75,5,adam,0,0,0,0,0.0,random,None,0.0,0.8,softplus,0,10481473,0.8427947598253275,0.8605021834061133,0.8755458515283843,0.006592982673247231,0.8899416909620991,0.9105174927113704,0.922740524781341,0.00608838835367782,0.8784153005464481,0.8994808743169393,0.9193989071038251,0.006014591531953466,0.9043715846994536,0.920054644808743,0.9289617486338798,0.004587000529042678,0.98,0.9604040404040404,1.0,0.759090909090909,0.7162373737373737,0.8017171717171717,0.820101010100992,0.7596464646464428,0.8534511784511696,0.7652525252525253,0.7259848484848486,0.7916287878787879,0.7413535353535489,0.6855959595959609,0.7719494949495214,0.8570447280993341,0.7783656870480138,0.9864891846704702,0.9604040404040404,0.9602020202020202,0.98,0.8542929292929293,0.8034343434343434,0.9061616161616162,0.9295286195286154,0.8769528619528533,0.9606734006733956,0.8125,0.7659090909090909,0.8342676767676768,0.7539595959596141,0.6986464646464643,0.7779090909091203,0.9650482696834958,0.883693801878716,1.1448139210375483,0.98,0.97,0.99,0.89,0.845,0.915,0.9066666666666667,0.8833333333333335,0.9200000000000003,0.84,0.825,0.8525,0.8139999999999987,0.8019999999999989,0.8259999999999988,2.599773093145081,1.7599115590099517,3.1979058241268503,0.98,0.97,0.99,0.88,0.835,0.91125,0.9033333333333335,0.8833333333333335,0.9233333333333333,0.835,0.8225,0.8475,0.8119999999999991,0.799999999999999,0.8224999999999991,2.665495611502177,1.8478800487361073,3.3103449304276973
whobin_94,0.001,10,128,soft,25,5,adam,0,0,0,0,0.0,random,None,0.0,0.8,softplus,0,10481479,0.8369723435225619,0.8559679767103345,0.8719068413391557,0.008232531713580444,0.869290573372206,0.8963313896987367,0.9120505344995141,0.007224981243708334,0.860655737704918,0.8815163934426229,0.9016393442622951,0.00687649880236393,0.8793260473588342,0.8982741347905281,0.9093806921675774,0.00508099394287966,0.8105050505050505,0.7262626262626263,0.8833333333333333,0.6272727272727273,0.604090909090909,0.6590404040404041,0.6768350168349948,0.6443097643097486,0.707878787878768,0.7222222222222222,0.6881313131313131,0.7540909090909091,0.7299393939394083,0.6950505050505136,0.7734343434343689,0.8312338641168084,0.668961612301838,0.9200584604582118,0.8751515151515152,0.8121212121212121,0.9212121212121213,0.6683333333333333,0.6424747474747474,0.7098484848484848,0.7154882154881974,0.669141414141393,0.7679797979797764,0.6998989898989899,0.6597979797979798,0.7628409090909091,0.6754141414141461,0.6411616161616163,0.7331212121212348,0.8013259722756985,0.6618988050475928,0.9041464516973154,0.9,0.87,0.94,0.83,0.815,0.85,0.85,0.8333333333333336,0.8633333333333336,0.86,0.85,0.875,0.8519999999999993,0.8419999999999994,0.8619999999999993,1.1749220626932988,0.9485745092166914,1.5815419345727753,0.9,0.87,0.93,0.83,0.815,0.85,0.846666666666667,0.8333333333333335,0.8633333333333334,0.86,0.85,0.873125,0.8519999999999991,0.8419999999999992,0.8619999999999992,1.165155577945153,0.880307401380691,1.6408453269353298
whobin_94,0.2,10,128,soft,75,5,sgd,0,0,0,0,0.0,random,None,0.0,0.8,softplus,0,10481484,0.47889374090247455,0.6064483260553131,0.8471615720524017,0.13554584136791728,0.49222546161321673,0.6033624878522837,0.8449951409135082,0.1023791438715635,0.4959016393442623,0.6329234972677595,0.8811475409836066,0.14329884806053023,0.49954462659380694,0.6311475409836066,0.8592896174863388,0.11413728902270315,0.06767676767676768,0.06323232323232324,0.07535353535353535,0.12505050505050505,0.12065656565656566,0.13217171717171716,0.18296296296296674,0.17804713804714206,0.18922558922559335,0.23994949494949494,0.23474747474747476,0.24515151515151515,0.2953131313131451,0.29038383838385234,0.30028282828284314,0.017136430232271564,0.014818018490399334,0.021384028521380875,0.07848484848484849,0.07090909090909091,0.09176767676767676,0.13348484848484848,0.12744949494949492,0.14537878787878789,0.19148148148148564,0.18449494949495315,0.2008080808080841,0.24891414141414142,0.24217171717171718,0.2574368686868687,0.3039595959596093,0.29792929292930626,0.310676767676781,0.024626951209258473,0.02115841851964153,0.026916557893197926,0.84,0.81,0.86,0.855,0.835,0.875,0.8766666666666667,0.8616666666666668,0.8900000000000002,0.8875,0.8775,0.9,0.8979999999999992,0.8899999999999992,0.9059999999999993,0.11289817716856011,0.0987091699611281,0.12290650705936215,0.83,0.81,0.86,0.855,0.835,0.875,0.8766666666666666,0.8600000000000003,0.89,0.8875,0.8775,0.9,0.8979999999999994,0.8899999999999995,0.9059999999999995,0.11347983973641171,0.10006892764590979,0.12335482937749345
whobin_75,0.2,10,128,relu,25,5,sgd,0,0,0,0,0.0,random,None,0.0,0.8,standard,0,10480267,0.4663023679417122,0.862495446265938,0.9016393442622951,0.0467577768269262,0.5853066180935034,0.85277474195507,0.9022465088038859,0.04928683961906455,0.6857923497267759,0.8603961748633877,0.9112021857923497,0.034852238290249964,0.7244990892531876,0.8985245901639344,0.9198542805100182,0.019619325504504848,0.39090909090909093,0.32222222222222224,0.5232323232323233,0.3844444444444444,0.3504040404040404,0.43212121212121213,0.3982491582491557,0.37494949494948854,0.4317845117845087,0.4220707070707071,0.4013131313131313,0.44803030303030306,0.44949494949495356,0.43329292929293606,0.47571717171717415,0.1218911566041261,0.09386978548230437,0.20136374996000778,0.5804040404040404,0.3518181818181818,0.693939393939394,0.5265656565656566,0.47,0.5648737373737374,0.5142760942760936,0.4902861952861939,0.5542424242424181,0.5279545454545455,0.5017550505050505,0.5688383838383838,0.5430707070707025,0.5165252525252504,0.5811919191919157,0.17795531959033073,0.1333272204941683,0.2939207893182648,0.63,0.56,0.7,0.625,0.6,0.66,0.6533333333333331,0.6333333333333331,0.6799999999999997,0.6775,0.6525,0.7,0.6959999999999995,0.6759999999999998,0.716,0.7773846480485144,0.5537285415657806,1.1997748637535937,0.62,0.5575000000000001,0.7,0.63,0.595,0.655,0.6533333333333332,0.6333333333333331,0.6799999999999997,0.6775,0.655,0.6975,0.6959999999999994,0.6759999999999997,0.7159999999999993,0.8305753928302884,0.5732717695875058,1.2690471098795209
whobin_50,0.001,10,128,soft,50,5,adam,0,0,0,0,0.0,random,None,0.0,0.8,softplus,0,10481469,0.8032786885245902,0.8466393442622953,0.8879781420765027,0.017382096218637847,0.8688524590163934,0.8877959927140253,0.9116575591985429,0.009216109756410575,0.8688524590163934,0.8888524590163936,0.9084699453551912,0.007590319330239769,0.9084699453551912,0.9241757741347907,0.930783242258652,0.00420844611576462,0.8104040404040405,0.6935858585858586,0.883030303030303,0.5856565656565658,0.5586111111111112,0.6042171717171717,0.6037710437710349,0.5854882154882105,0.6209090909090822,0.6695707070707071,0.6256691919191919,0.6948989898989899,0.7196363636363768,0.6690101010101004,0.7589898989899286,0.6174822260534591,0.5718050028480282,0.7670367691456575,0.9602020202020202,0.9406060606060606,0.98,0.8476767676767677,0.7852020202020201,0.8956313131313132,0.8583838383838263,0.8049494949494763,0.8929461279461199,0.7404292929292929,0.7153030303030303,0.7596085858585859,0.678606060606056,0.6615959595959521,0.6946868686868665,1.056849409431528,0.6929504230149981,1.2271475684880866,0.89,0.84,0.92,0.645,0.615,0.68,0.678333333333333,0.6474999999999995,0.7133333333333333,0.715,0.6925,0.7275,0.7179999999999995,0.7019999999999995,0.7299999999999994,5.019644580147462,2.496527219430739,6.2017853875550415,0.89,0.84,0.93,0.64,0.60875,0.68,0.6766666666666663,0.643333333333333,0.7166666666666663,0.71,0.69,0.7275,0.7159999999999995,0.6999999999999994,0.7299999999999993,5.112744717696918,2.5283814311266855,6.117278458600526
whobin_94,0.001,10,128,soft,50,5,adam,0,0,0,0,0.0,random,None,0.0,0.8,softplus,0,10481480,0.8544395924308588,0.8678165938864627,0.8820960698689956,0.006456371217151417,0.8877551020408163,0.9074344023323618,0.9173955296404276,0.0055989244485851975,0.8647540983606558,0.8841939890710385,0.8989071038251366,0.006927872968705816,0.8929872495446266,0.9060109289617487,0.9139344262295082,0.004523121144567952,0.98,0.9602020202020202,1.0,0.7079797979797979,0.6907070707070707,0.7319696969696969,0.7818855218854975,0.7513131313131092,0.8108417508417276,0.804949494949495,0.7699494949494949,0.8304292929292929,0.7821414141414508,0.7590707070707321,0.8092525252525626,0.8476816518158706,0.7657238790821491,1.0187557387350452,0.98,0.9602020202020202,0.98,0.7987878787878788,0.7356313131313131,0.8558585858585859,0.8555218855218714,0.8138383838383598,0.9053198653198581,0.7751515151515151,0.7448989898989898,0.8035606060606061,0.7285252525252621,0.6975353535353555,0.7457878787878989,0.8267483239356024,0.7656901279931297,0.976622069557574,0.98,0.96,0.99,0.84,0.82,0.865,0.8800000000000001,0.8616666666666668,0.8966666666666668,0.86,0.8475,0.87625,0.8339999999999991,0.8279999999999987,0.8419999999999989,1.568795108772735,1.403953662595665,2.2022913762286005,0.98,0.96,0.99,0.84,0.815,0.865,0.876666666666667,0.8600000000000003,0.8941666666666669,0.8575,0.8475,0.875,0.8339999999999991,0.8279999999999988,0.8419999999999989,1.5551795321940625,1.3819488052973312,2.2292889693498967
whobin_50,0.001,10,128,soft,100,5,adam,0,0,0,0,0.0,random,None,0.0,0.8,softplus,0,10481467,0.819672131147541,0.8702185792349728,0.9016393442622951,0.015773808769247045,0.8852459016393442,0.915610200364299,0.9298724954462659,0.008328449702216736,0.8797814207650273,0.8925136612021857,0.9193989071038251,0.005750311417641882,0.9166666666666666,0.9268897996357013,0.9339708561020036,0.003474218572685668,0.98,0.9408080808080808,0.98,0.6758585858585858,0.6558080808080808,0.698510101010101,0.7100673400673164,0.6917003367003173,0.7384511784511538,0.7924747474747476,0.772790404040404,0.8134343434343434,0.8839797979798332,0.8421212121212445,0.9112929292929454,1.021449136269334,0.6845586282554216,1.1481849356576392,0.98,0.98,1.0,0.9512121212121212,0.9236363636363636,0.9706060606060606,0.9604713804713816,0.9081649831649778,0.9800673400673401,0.7817171717171717,0.7586742424242424,0.7954419191919192,0.7087878787878783,0.6877979797979701,0.7267272727272782,0.9481237021003824,0.8755372446926742,1.0979894234573562,0.98,0.97,0.99,0.69,0.64125,0.735,0.6533333333333327,0.6333333333333325,0.683333333333333,0.6775,0.6575,0.689375,0.6719999999999997,0.6600000000000001,0.6839999999999996,4.208185192002719,3.808013318420148,5.0185948907917695,0.98,0.97,0.99,0.685,0.62875,0.735,0.6533333333333329,0.6333333333333327,0.683333333333333,0.6775,0.661875,0.69,0.6719999999999997,0.662,0.6839999999999997,4.242409625681969,3.870710079065169,5.016941286925682
whobin_50,0.2,10,128,relu,25,5,sgd,0,0,0,0,0.0,random,None,0.0,0.8,standard,0,10480284,0.47540983606557374,0.8133060109289616,0.8770491803278688,0.08399322618076614,0.5400728597449909,0.793296903460838,0.8879781420765027,0.0723006692254551,0.5450819672131147,0.8809016393442621,0.9275956284153005,0.0449162295384786,0.558287795992714,0.9017486338797817,0.9298724954462659,0.03670683199294754,0.10646464646464647,0.09313131313131313,0.12136363636363637,0.1691919191919192,0.15722222222222224,0.18732323232323234,0.2226262626262655,0.21260942760943113,0.23978114478114576,0.2741161616161616,0.264760101010101,0.28748737373737376,0.3250707070707224,0.31538383838385375,0.3353737373737512,0.06282410336436245,0.04515288871188973,0.08592143313355997,0.5948484848484848,0.3517171717171717,0.7093939393939395,0.5553535353535354,0.43636363636363634,0.6152272727272727,0.5337373737373632,0.46897306397306354,0.566632996632991,0.5261868686868687,0.49277777777777776,0.5536616161616161,0.5317979797979779,0.513494949494947,0.5602727272727195,0.17577315853608527,0.1427564779367371,0.28828319797502105,0.26,0.23,0.2975,0.325,0.3,0.345,0.3899999999999998,0.36333333333333345,0.41000000000000014,0.435,0.4175,0.46,0.47800000000000015,0.4620000000000001,0.49399999999999994,1.2402772523860155,0.962054331571766,1.91385924104062,0.26,0.23,0.29,0.325,0.3,0.35,0.38666666666666677,0.36333333333333334,0.4099999999999999,0.4375,0.4175,0.4575,0.47799999999999987,0.462,0.4919999999999999,1.1531455816050502,0.9648849618086555,1.8912228786196208
whobin_94,0.001,10,128,relu,50,5,adam,0,0,0,0,0.0,random,None,0.0,0.8,standard,0,10480234,0.8864628820960698,0.8982823871906838,0.9155749636098981,0.005634823679504029,0.8945578231292517,0.9073275024295435,0.9173955296404276,0.00399869458630047,0.8907103825136612,0.9059016393442625,0.9193989071038251,0.005543418914933789,0.9052823315118397,0.9148315118397089,0.930783242258652,0.003912744155057526,0.521010101010101,0.3427272727272727,0.7022222222222222,0.5504040404040405,0.4695454545454546,0.6321717171717172,0.5690235690235674,0.538720538720538,0.6064309764309694,0.5892929292929293,0.5668939393939394,0.6079040404040403,0.598545454545448,0.5800808080808006,0.6211717171717153,0.49421733455998773,0.32772579965546633,0.6218366428764887,0.5374747474747474,0.3362121212121212,0.7237373737373738,0.6244949494949494,0.4671969696969697,0.7490656565656566,0.5784848484848404,0.528703703703702,0.6295286195285996,0.5704292929292929,0.5448989898989899,0.5895580808080808,0.5711515151515099,0.5486262626262581,0.5939090909090816,0.5636608224433126,0.31582987559302933,0.680444896689429,0.71,0.61,0.8,0.72,0.675,0.78,0.7300000000000001,0.7066666666666666,0.7599999999999999,0.74,0.7175,0.76,0.7499999999999994,0.7279999999999994,0.7719999999999991,1.4982530887022991,0.77824455453016,2.346945464127742,0.7,0.61,0.81,0.715,0.6737500000000001,0.78,0.73,0.7066666666666664,0.7541666666666667,0.7375,0.715,0.76,0.7479999999999998,0.7259999999999996,0.7719999999999994,1.4515444510122595,0.6915667567026654,2.296964650095157
whobin_62,0.2,10,128,soft,50,5,sgd,0,0,0,0,0.0,random,None,0.0,0.8,softplus,0,10481493,0.4650655021834061,0.5195851528384281,0.7816593886462883,0.08522863886344538,0.46647230320699706,0.5230247813411077,0.6712827988338192,0.033618064139686835,0.48770491803278687,0.5932923497267755,0.8688524590163934,0.12578685649203214,0.5109289617486339,0.576844262295082,0.8697632058287796,0.08804986891506879,0.05595959595959596,0.05393939393939394,0.058787878787878785,0.11181818181818182,0.1095959595959596,0.11401515151515151,0.16727272727273035,0.16552188552188868,0.1694276094276127,0.22300505050505048,0.22111111111111112,0.2253030303030303,0.27907070707072035,0.2772626262626403,0.28109090909092294,0.0038319641127516034,0.003593895926584434,0.004140977201601509,0.06444444444444444,0.06080808080808081,0.0692929292929293,0.12383838383838384,0.1202020202020202,0.1278030303030303,0.18202020202020636,0.17858585858586218,0.18653198653199093,0.23939393939393938,0.23555555555555555,0.2438510101010101,0.29519191919193233,0.2910202020202159,0.29915151515152943,0.014706884470861978,0.011720308565784921,0.02155746216125008,0.62,0.59,0.65,0.67,0.65,0.69,0.7066666666666664,0.6900000000000002,0.7200000000000002,0.73,0.72,0.745,0.7519999999999993,0.7419999999999994,0.7599999999999997,0.1489876178883054,0.12835308942734472,0.2684341924019745,0.625,0.59,0.65,0.67,0.65,0.69,0.7066666666666669,0.6933333333333331,0.7208333333333335,0.7325,0.72,0.7425,0.7519999999999994,0.7419999999999995,0.7599999999999996,0.15799714588604072,0.13178066895084176,0.2801248639647991
whobin_62,0.001,10,128,soft,100,5,adam,0,0,0,0,0.0,random,None,0.0,0.8,softplus,0,10481474,0.8471615720524017,0.8630131004366811,0.8842794759825328,0.006510944853926187,0.880466472303207,0.9128498542274057,0.9285714285714286,0.005721695046172569,0.8825136612021858,0.8994672131147535,0.9344262295081968,0.0061493470328235905,0.9093806921675774,0.9210109289617491,0.9280510018214936,0.00408742722954147,0.9604040404040404,0.9602020202020202,0.98,0.815050505050505,0.7341666666666666,0.8688636363636364,0.8179461279461079,0.7637373737373525,0.8587710437710362,0.7544191919191919,0.7206439393939393,0.782260101010101,0.74303030303032,0.678616161616155,0.7744949494949809,0.9933765862951792,0.646446257968097,1.1243786843639956,0.98,0.9602020202020202,0.98,0.8875252525252526,0.8427272727272728,0.9322727272727273,0.9474410774410802,0.9062626262626182,0.9608754208754224,0.8025252525252525,0.7615656565656566,0.8204545454545454,0.7579393939394137,0.6925353535353482,0.783262626262658,0.8935185219614313,0.8262112772725483,1.0302003349905964,0.97,0.96,0.98,0.91,0.875,0.94,0.9,0.8766666666666666,0.9166666666666667,0.8275,0.8075,0.84,0.7959999999999987,0.7799999999999989,0.811999999999999,2.5843298648600728,2.355740512426791,3.320237399187521,0.97,0.96,0.98,0.91,0.85875,0.935,0.9000000000000001,0.8733333333333335,0.9166666666666669,0.825,0.8025,0.8375,0.789999999999999,0.7759999999999991,0.8099999999999987,2.6202701811997233,2.3760952983739525,3.2402884639695717
whobin_62,0.2,10,128,relu,75,5,sgd,0,0,0,0,0.0,random,None,0.0,0.8,standard,0,10480274,0.8034934497816594,0.8619432314410476,0.8930131004366813,0.018319427878792954,0.8556851311953353,0.883622448979592,0.9067055393586005,0.011246738296256473,0.7062841530054644,0.8938661202185795,0.9371584699453552,0.03738963723650707,0.8902550091074681,0.908506375227687,0.9239526411657559,0.006786646677863,0.6604040404040404,0.5416161616161617,0.7591919191919192,0.5096464646464647,0.45224747474747473,0.5401262626262626,0.4960269360269356,0.4475252525252533,0.5243434343434317,0.5062121212121212,0.4725631313131313,0.5295328282828283,0.5204040404040331,0.4981818181818174,0.5396262626262582,0.08323084779066853,0.07210881814944851,0.13605379069404083,0.5982828282828283,0.3228787878787879,0.8463131313131314,0.6027777777777779,0.4432070707070707,0.7484848484848485,0.5759595959595933,0.49156565656565887,0.6199999999999927,0.547070707070707,0.5197348484848485,0.5661742424242424,0.5437171717171689,0.5280606060606041,0.567808080808075,0.10936891405057861,0.08354823367907185,0.16177286592273898,0.71,0.4825,0.85,0.615,0.57,0.645,0.6299999999999997,0.5941666666666665,0.663333333333333,0.6487499999999999,0.6225,0.685,0.6679999999999996,0.6419999999999998,0.6959999999999995,0.43760089240159683,0.3504209299691996,0.6697464581132688,0.69,0.48,0.84,0.605,0.56,0.64,0.623333333333333,0.5933333333333333,0.6599999999999996,0.6475,0.6218750000000001,0.68,0.6679999999999997,0.6400000000000001,0.6939999999999996,0.42493591760077104,0.3220198149989384,0.679749375896219
whobin_50,0.2,10,128,soft,75,5,sgd,0,0,0,0,0.0,random,None,0.0,0.8,softplus,0,10481497,0.47540983606557374,0.5207103825136612,0.7868852459016393,0.05928921457393757,0.4581056466302368,0.5160109289617485,0.5974499089253188,0.028781956740962556,0.46174863387978143,0.6508060109289621,0.8688524590163934,0.13124909191616685,0.5145719489981785,0.624649362477231,0.8729508196721312,0.1183197844716066,0.056363636363636366,0.054343434343434346,0.05858585858585859,0.11262626262626263,0.11060606060606061,0.11502525252525253,0.16760942760943048,0.16572390572390894,0.16981481481481803,0.22328282828282828,0.22151515151515153,0.22498737373737374,0.27842424242425656,0.2770909090909218,0.2801515151515286,0.0033618087562168274,0.0031912121106677962,0.0036182279622408837,0.08727272727272728,0.07555555555555556,0.10141414141414141,0.1387878787878788,0.13343434343434343,0.15191919191919193,0.19925925925926374,0.19252525252525626,0.20722222222222705,0.25590909090909086,0.24954545454545454,0.26410353535353537,0.31204040404041855,0.3052121212121344,0.31783838383839635,0.03293937273506662,0.022314529510013326,0.03778659005867095,0.46,0.43,0.49,0.525,0.505,0.545,0.5633333333333334,0.5433333333333333,0.5824999999999999,0.5925,0.575,0.6075,0.6189999999999998,0.6039999999999999,0.6339999999999998,0.36871046451543954,0.23423532158506363,0.4640899630056134,0.46,0.43,0.49,0.525,0.505,0.545,0.563333333333333,0.5433333333333333,0.5799999999999997,0.59,0.5775,0.605,0.616,0.6059999999999998,0.6319999999999998,0.3831029250944623,0.2364350754387688,0.46956848233773285
whobin_50,0.001,10,128,soft,25,5,adam,0,0,0,0,0.0,random,None,0.0,0.8,softplus,0,10481470,0.7868852459016393,0.8308469945355192,0.855191256830601,0.011695106172065506,0.8296903460837887,0.85120218579235,0.8743169398907104,0.008152867915321205,0.8524590163934426,0.8775546448087431,0.8975409836065574,0.009052863400716824,0.8961748633879781,0.9138752276867033,0.9239526411657559,0.005707867238143048,0.23292929292929293,0.17742424242424243,0.29525252525252527,0.34484848484848485,0.2970202020202021,0.3900505050505051,0.4108417508417473,0.37685185185184555,0.4512121212121214,0.46719696969696967,0.43950757575757576,0.5065151515151516,0.5098989898989861,0.48792929292929277,0.5503434343434308,0.4538470601773543,0.4371533223422018,0.5381804055876647,0.8832323232323233,0.8303030303030303,0.9026262626262627,0.6856565656565656,0.6556313131313132,0.7375252525252526,0.7179124579124443,0.6881649831649627,0.7571717171717004,0.699469696969697,0.6663383838383838,0.7347222222222223,0.6713131313131298,0.6412828282828218,0.7000505050505125,0.9108493666592643,0.6557408929066989,1.0680023532390495,0.47,0.38,0.53,0.545,0.49124999999999996,0.585,0.6066666666666664,0.5566666666666665,0.6399999999999997,0.6487499999999999,0.608125,0.6725,0.6799999999999996,0.638,0.7019999999999996,4.719393286472634,2.8372611554200415,6.306155025867878,0.47,0.36,0.53,0.545,0.495,0.585,0.603333333333333,0.5566666666666665,0.6433333333333328,0.645,0.61,0.67,0.6759999999999997,0.6400000000000001,0.6979999999999997,4.747493547983575,2.9673340551180036,5.900458738392237
whobin_75,0.001,10,128,relu,25,5,adam,0,0,0,0,0.0,random,None,0.0,0.8,standard,0,10480215,0.8652094717668488,0.8828597449908926,0.9034608378870674,0.007419965565848502,0.8664238008500303,0.8848816029143903,0.9004250151791136,0.008391620228749105,0.8633879781420765,0.8833060109289612,0.9030054644808743,0.007257635003807212,0.8916211293260473,0.9043488160291442,0.9162112932604736,0.005140830970947647,0.5038383838383839,0.43454545454545457,0.5967676767676767,0.5007070707070707,0.4636363636363636,0.5275757575757576,0.5144781144781159,0.4918518518518577,0.5346127946127935,0.552070707070707,0.5348989898989899,0.5659090909090909,0.5764040404040328,0.5625454545454486,0.5924040404040338,0.44244646697389195,0.39418850779397185,0.5648685188942214,0.5306060606060605,0.39555555555555555,0.6280808080808081,0.5264141414141414,0.4718181818181818,0.5848737373737374,0.5363299663299688,0.511313131313134,0.5744612794612733,0.5723484848484848,0.5561868686868687,0.5860858585858586,0.5954343434343385,0.5749393939393872,0.6343232323232353,0.4552990362688317,0.41694912344952156,0.6179651351181905,0.73,0.65,0.79,0.72,0.685,0.765,0.7466666666666665,0.7233333333333333,0.7700000000000001,0.7625,0.745,0.7775,0.7739999999999992,0.7559999999999993,0.7899999999999993,1.0008972334547095,0.7699516251705818,1.7809084400657842,0.73,0.65,0.79,0.71,0.675,0.755,0.74,0.7224999999999996,0.7666666666666668,0.76,0.745,0.7775,0.7739999999999994,0.7579999999999992,0.789999999999999,1.0748358676019922,0.779173735949868,1.8609197120139351
whobin_75,0.2,10,128,soft,25,5,sgd,0,0,0,0,0.0,random,None,0.0,0.8,softplus,0,10481487,0.4663023679417122,0.5230965391621133,0.8269581056466302,0.09067649933011675,0.47965998785670916,0.5185003035822707,0.6338797814207651,0.027876385440160027,0.49453551912568305,0.5500273224043712,0.8319672131147541,0.09861037290084741,0.4840619307832423,0.5390391621129326,0.8770491803278688,0.07138599020707588,0.05414141414141414,0.052525252525252523,0.05595959595959596,0.11070707070707071,0.10898989898989898,0.11262626262626263,0.16666666666666977,0.164848484848488,0.168754208754212,0.2222222222222222,0.2206060606060606,0.22404040404040404,0.2781414141414269,0.2765252525252659,0.27959595959597244,0.004610889351224698,0.0043184249930334475,0.005018799802506438,0.05595959595959596,0.05393939393939394,0.058383838383838385,0.11212121212121212,0.1103030303030303,0.11444444444444445,0.16861952861953172,0.16639730639730954,0.17090909090909404,0.22444444444444445,0.2221212121212121,0.22686868686868686,0.2799797979798116,0.2778181818181953,0.28193939393940737,0.01573798176756748,0.006457259952743923,0.019380079898457997,0.8,0.78,0.83,0.835,0.815,0.85,0.8533333333333334,0.8399999999999999,0.8666666666666668,0.865,0.855,0.875,0.8739999999999994,0.8639999999999993,0.8839999999999997,0.23230978377936695,0.0327508854172598,0.3683944873437476,0.81,0.78,0.83,0.835,0.815,0.855,0.8500000000000005,0.84,0.8666666666666666,0.865,0.855,0.875,0.8739999999999997,0.8659999999999992,0.8859999999999992,0.3125455331602877,0.036428941575890675,0.378270738165102
whobin_94,0.2,10,128,relu,25,5,sgd,0,0,0,0,0.0,random,None,0.0,0.8,standard,0,10480241,0.6928675400291121,0.8483988355167398,0.8951965065502183,0.044413042253125826,0.5607385811467445,0.8791933916423714,0.9057337220602527,0.034080094669683605,0.5983606557377049,0.8660109289617485,0.9030054644808743,0.04016192701574273,0.6584699453551912,0.8865437158469943,0.9075591985428051,0.025202552612772017,0.6137373737373737,0.467979797979798,0.7084848484848485,0.5108080808080808,0.47297979797979794,0.5494444444444444,0.4864646464646451,0.46336700336700226,0.5205050505050517,0.49772727272727274,0.47732323232323237,0.5321464646464646,0.514747474747472,0.4996363636363621,0.546909090909085,0.16121147333195168,0.13010545701255932,0.2711440401586979,0.6430303030303031,0.4486363636363636,0.7595959595959596,0.5422222222222222,0.47419191919191916,0.5828787878787879,0.501447811447812,0.471043771043772,0.5398821548821537,0.49616161616161614,0.47679292929292927,0.5314520202020202,0.5079595959595957,0.4932424242424232,0.5394747474747411,0.16740337449476805,0.13426937142553974,0.274433803264849,0.8,0.74,0.86,0.74,0.71,0.765,0.7366666666666668,0.7166666666666668,0.7600000000000001,0.7475,0.73,0.7675,0.7579999999999992,0.7379999999999995,0.7779999999999991,0.7055715546546383,0.2558651905303634,1.1175617221959657,0.8,0.73,0.86,0.74,0.715,0.765,0.7399999999999998,0.7166666666666665,0.76,0.7475,0.7275,0.77,0.7579999999999995,0.7399999999999995,0.7779999999999991,0.6566439351361142,0.2561608059303386,1.1015697876464539
whobin_50,0.001,10,128,relu,25,5,adam,0,0,0,0,0.0,random,None,0.0,0.8,standard,0,10480187,0.8387978142076503,0.858715846994536,0.8852459016393442,0.008298952638042378,0.8451730418943534,0.867468123861566,0.8943533697632058,0.013116322512975141,0.8838797814207651,0.9056967213114757,0.9207650273224044,0.006891680465422992,0.8920765027322405,0.9099544626593805,0.924863387978142,0.006664843679606118,0.2380808080808081,0.212979797979798,0.2735353535353535,0.3378282828282828,0.32166666666666666,0.35744949494949496,0.4010101010100946,0.3888720538720499,0.4135858585858536,0.4480050505050505,0.4356186868686869,0.45968434343434345,0.48787878787878564,0.47706060606060663,0.4988888888888834,0.3593934573912935,0.3262879625869264,0.44780753908504567,0.5393939393939394,0.43267676767676766,0.6451010101010102,0.5532323232323232,0.48454545454545456,0.6378282828282829,0.5462289562289537,0.5118518518518504,0.5978956228956138,0.5754292929292929,0.5588383838383838,0.588459595959596,0.5915555555555508,0.5762727272727202,0.6283737373737348,0.47929330254500513,0.4322671361448548,0.6249474227085119,0.47,0.43,0.51,0.54,0.52,0.565,0.6,0.5766666666666664,0.6266666666666663,0.635,0.615,0.66,0.6659999999999998,0.6419999999999999,0.6879999999999997,1.9974826441870621,1.522784854134368,3.06391132170821,0.47,0.43,0.51,0.54,0.515,0.56,0.5999999999999999,0.5766666666666664,0.6266666666666665,0.6375,0.615,0.6625,0.6659999999999998,0.6459999999999997,0.6919999999999996,1.9579640311342248,1.5273216978292796,2.9445501799799416
whobin_75,0.001,10,128,relu,100,5,adam,0,0,0,0,0.0,random,None,0.0,0.8,standard,0,10480220,0.8779599271402551,0.9081967213114759,0.9234972677595629,0.008084641537767636,0.9156041287188829,0.9268184578020643,0.9356405585913783,0.004520383846845612,0.8661202185792349,0.9089071038251366,0.9234972677595629,0.008392204485182327,0.924863387978142,0.93561475409836,0.9435336976320583,0.0037139574957750624,0.4898989898989899,0.36343434343434344,0.7058585858585859,0.5912121212121212,0.4537373737373737,0.8287878787878787,0.6048484848484748,0.4989898989899019,0.6610774410774178,0.5828787878787879,0.5338888888888889,0.6046969696969697,0.575272727272727,0.5471111111111107,0.6037575757575692,0.6016538191177037,0.2695030844297941,0.7013684657373439,0.6952525252525252,0.4902020202020202,0.8472727272727273,0.5989393939393939,0.5192676767676767,0.7839646464646465,0.5902356902356851,0.5275252525252544,0.6617676767676517,0.5775757575757576,0.5411742424242425,0.6035479797979798,0.573030303030296,0.5440202020202001,0.5994444444444385,0.56001284123321,0.2977808276880599,0.6551406322442586,0.63,0.5,0.79,0.67,0.56,0.865,0.6799999999999998,0.5999999999999996,0.7566666666666664,0.685,0.625,0.73,0.6899999999999997,0.6439999999999999,0.7259999999999994,1.6174547679813966,1.0710467788629903,2.487780979911391,0.63,0.5,0.79,0.655,0.56,0.8362499999999999,0.6666666666666667,0.6033333333333328,0.7499999999999998,0.67625,0.625,0.723125,0.6879999999999996,0.6459999999999999,0.7219999999999996,1.620434974176017,1.0389726614996917,2.6142852737786266
whobin_50,0.001,10,128,relu,100,5,adam,0,0,0,0,0.0,random,None,0.0,0.8,standard,0,10480201,0.8715846994535519,0.8940437158469947,0.9153005464480874,0.008807651561536858,0.9162112932604736,0.9351548269581058,0.9480874316939891,0.00476904461259966,0.912568306010929,0.9321174863387978,0.9439890710382514,0.005916089246881522,0.9289617486338798,0.9455828779599268,0.9549180327868853,0.00521377692871581,0.4596969696969697,0.3527272727272727,0.6638383838383838,0.5269696969696969,0.46126262626262626,0.6029040404040404,0.5712457912457853,0.5164646464646475,0.6201178451178322,0.6017929292929294,0.5669444444444445,0.6449747474747475,0.6215959595959628,0.5921111111111048,0.660909090909097,0.5108051519570711,0.28583134110952857,0.6784701433832067,0.5713131313131313,0.41015151515151516,0.7933333333333333,0.5773737373737373,0.4777272727272728,0.8244949494949495,0.5787205387205352,0.501952861952865,0.6577272727272416,0.5677272727272727,0.5249368686868687,0.5932954545454545,0.5575151515151441,0.5310505050505012,0.5887474747474679,0.5606641196234404,0.3276337151742487,0.7955153512567212,0.45,0.1825,0.68,0.525,0.31,0.69,0.5416666666666665,0.4266666666666668,0.6358333333333328,0.5725,0.51,0.625,0.5960000000000001,0.5619999999999999,0.64,2.9401595745178954,1.7514797634120334,3.720554988274366,0.415,0.17,0.68,0.4725,0.32,0.6775,0.5233333333333332,0.4366666666666667,0.6399999999999996,0.5775,0.5175,0.6275,0.6020000000000001,0.5680000000000003,0.6379999999999998,2.7417224096506523,1.6699509648539395,3.5866141926526094
whobin_75,0.2,10,128,soft,75,5,sgd,0,0,0,0,0.0,random,None,0.0,0.8,softplus,0,10481489,0.4663023679417122,0.5674316939890709,0.8360655737704918,0.11302437073128281,0.4851244687310261,0.5491499696417732,0.7887067395264117,0.053284863600966494,0.49453551912568305,0.6375819672131147,0.8469945355191257,0.13914500043497055,0.4895264116575592,0.6366029143897994,0.8797814207650273,0.12365337594135534,0.056767676767676765,0.05454545454545454,0.0597979797979798,0.11323232323232323,0.11131313131313131,0.11585858585858586,0.1688215488215522,0.1669360269360302,0.17131313131313494,0.2247979797979798,0.22297979797979797,0.22707070707070706,0.280121212121225,0.2785050505050628,0.2822222222222352,0.00431157833564657,0.00401899196049147,0.004660992321512684,0.08303030303030302,0.07287878787878788,0.09782828282828283,0.13797979797979798,0.1317171717171717,0.14936868686868687,0.19797979797980214,0.18994949494949875,0.20606060606061083,0.2545454545454545,0.2470580808080808,0.26292929292929296,0.3094747474747618,0.30322222222223577,0.3169292929293055,0.0327373116406115,0.02458788954311824,0.0370339757855283,0.56,0.53,0.58,0.615,0.595,0.64,0.6533333333333331,0.6366666666666666,0.6733333333333331,0.6775,0.6625,0.695,0.6979999999999997,0.6819999999999999,0.714,0.34378225397150397,0.25106232040373516,0.4297293863565276,0.56,0.5275000000000001,0.5825,0.615,0.595,0.635,0.653333333333333,0.6366666666666664,0.6699999999999998,0.675,0.6625,0.69,0.6959999999999994,0.6819999999999996,0.7139999999999996,0.36601292677213676,0.25584334601643355,0.4355831279567857
whobin_94,0.2,10,128,soft,100,5,sgd,0,0,0,0,0.0,random,None,0.0,0.8,softplus,0,10481483,0.47889374090247455,0.6292139737991269,0.8442503639010189,0.13691035494789186,0.4965986394557823,0.6471185617103983,0.8751214771622935,0.10324649488344344,0.4959016393442623,0.7002322404371586,0.8797814207650273,0.1402172182989805,0.5004553734061931,0.6771584699453552,0.8674863387978142,0.1087461998400024,0.08606060606060606,0.07777777777777778,0.09676767676767677,0.15272727272727274,0.14333333333333334,0.16106060606060607,0.21198653198653697,0.20377104377104854,0.21993265993266375,0.26954545454545453,0.2607323232323232,0.2781818181818182,0.32420202020203676,0.31523232323233913,0.33187878787880304,0.023720474351006497,0.02109615702930319,0.028221906038748062,0.10707070707070707,0.09393939393939393,0.13580808080808082,0.17696969696969697,0.16656565656565656,0.19818181818181818,0.2375420875420895,0.2273400673400705,0.2521380471380476,0.2946212121212121,0.285239898989899,0.3037878787878788,0.3486262626262786,0.3391717171717324,0.3563737373737523,0.04032307510889312,0.03156996067602339,0.04826763636875003,0.79,0.77,0.82,0.82,0.805,0.84,0.8466666666666667,0.8333333333333336,0.8566666666666669,0.8575,0.8475,0.87,0.8699999999999993,0.8619999999999992,0.8779999999999996,0.21669680290607818,0.11768412763833264,0.31278331630724077,0.79,0.76,0.82,0.82,0.805,0.835,0.8433333333333336,0.8333333333333333,0.8566666666666669,0.8575,0.8475,0.8675,0.8699999999999989,0.8599999999999991,0.8779999999999992,0.2352285534629407,0.12053695707017889,0.3153146419082101
whobin_75,0.2,10,128,relu,75,5,sgd,0,0,0,0,0.0,random,None,0.0,0.8,standard,0,10480260,0.8069216757741348,0.8876138433515479,0.9052823315118397,0.01474960015983149,0.8694596235579842,0.8897935640558592,0.914996964177292,0.008600114416675178,0.7773224043715847,0.8715983606557381,0.907103825136612,0.025046982488527134,0.8738615664845173,0.9098497267759563,0.9234972677595629,0.0074432186681785755,0.7159595959595959,0.5284848484848484,0.8274747474747475,0.5545454545454546,0.471010101010101,0.6072727272727273,0.5256565656565628,0.46841750841751034,0.5576430976430946,0.5232828282828282,0.49737373737373736,0.5436363636363636,0.53450505050505,0.5181414141414135,0.5536565656565606,0.08985899599536461,0.0738099917299203,0.14115811038533657,0.6175757575757576,0.328030303030303,0.8476767676767677,0.5670707070707071,0.4803535353535353,0.668030303030303,0.5657912457912468,0.5225084175084181,0.5923905723905651,0.5546464646464646,0.5360858585858586,0.581590909090909,0.5617777777777739,0.5336060606060545,0.5914747474747388,0.10195631477064115,0.084354619213935,0.1551181514944101,0.77,0.57,0.88,0.7,0.64,0.77,0.7066666666666664,0.6633333333333336,0.7433333333333332,0.7175,0.6825,0.7475,0.7279999999999995,0.6939999999999996,0.7579999999999992,0.32905629618236587,0.20323415429100228,0.620327837992711,0.74,0.56,0.88,0.69,0.635,0.755,0.6999999999999998,0.6599999999999998,0.7366666666666666,0.71375,0.6775,0.745,0.7239999999999995,0.6919999999999995,0.7559999999999993,0.35654780585547396,0.20127116244624,0.6401372506708659
whobin_50,0.001,10,128,relu,50,5,adam,0,0,0,0,0.0,random,None,0.0,0.8,standard,0,10480198,0.8387978142076503,0.8713387978142076,0.8961748633879781,0.01152147273400432,0.8907103825136612,0.9095173041894354,0.9280510018214936,0.007894000116499269,0.9043715846994536,0.9227868852459015,0.9385245901639344,0.0067687913820171,0.9175774134790529,0.9293169398907096,0.9389799635701275,0.004592539573754067,0.49383838383838385,0.36262626262626263,0.6433333333333333,0.5188383838383839,0.4707323232323232,0.5540151515151515,0.5505050505050477,0.5151683501683528,0.5819360269360231,0.5803787878787878,0.5508207070707071,0.6078156565656565,0.5999393939393862,0.5729090909090825,0.63382828282828,0.4555845086203192,0.3803146632504974,0.5625810401208038,0.4683838383838384,0.3115151515151515,0.649090909090909,0.6058080808080808,0.45260101010101006,0.77,0.5843097643097558,0.5235185185185209,0.6375420875420741,0.586919191919192,0.5577525252525253,0.6099494949494949,0.5819999999999943,0.5531111111111064,0.6246565656565621,0.5333897983612033,0.3893712433180383,0.6623126774385559,0.5,0.34,0.65,0.54,0.48624999999999996,0.6,0.5799999999999998,0.55,0.6299999999999997,0.6175,0.5925,0.6575,0.6519999999999997,0.6259999999999998,0.6814999999999996,2.2577301666772014,1.4714544925171211,3.234856877890112,0.495,0.34,0.66,0.535,0.48,0.6,0.5833333333333333,0.5499999999999999,0.6266666666666664,0.62625,0.6,0.655625,0.6539999999999999,0.632,0.6879999999999998,2.235326306682044,1.3754687935928276,3.052449711584166
whobin_75,0.001,10,128,soft,100,5,adam,0,0,0,0,0.0,random,None,0.0,0.8,softplus,0,10481475,0.8615664845173042,0.8778870673952643,0.8943533697632058,0.006340891139390762,0.8961748633879781,0.9088463873709776,0.9180327868852459,0.004949530713085102,0.8469945355191257,0.8736338797814207,0.889344262295082,0.006374089151523618,0.8902550091074681,0.9185382513661202,0.9280510018214936,0.005601979508366829,1.0,0.98,1.0,0.8381818181818181,0.7721212121212121,0.8834343434343435,0.8702356902356719,0.8162289562289303,0.9012121212121089,0.8147979797979797,0.785050505050505,0.8315656565656566,0.7700202020202246,0.7354747474747582,0.7913535353535647,0.9344322420952059,0.6566329649927346,1.0322758222987138,0.98,0.98,1.0,0.7963636363636364,0.7536363636363637,0.8642424242424243,0.9736026936026971,0.9483501683501677,0.9933333333333312,0.787979797979798,0.7767171717171717,0.7976767676767677,0.7205656565656631,0.7039393939393872,0.7373434343434436,0.8940126684827994,0.710866284568057,1.0142400122551432,0.99,0.99,1.0,0.925,0.905,0.945,0.9266666666666669,0.896666666666667,0.9466666666666669,0.8375,0.8275,0.8475,0.817999999999999,0.8019999999999992,0.8299999999999993,1.7638052849939614,1.547742173603763,2.3020897863141006,0.99,0.9875,1.0,0.92,0.9,0.94,0.9300000000000002,0.9,0.95,0.84,0.83,0.8475,0.8179999999999992,0.803999999999999,0.8319999999999991,1.771095012448018,1.532596931575883,2.5728226201367015
whobin_62,0.2,10,128,soft,75,5,sgd,0,0,0,0,0.0,random,None,0.0,0.8,softplus,0,10481492,0.4650655021834061,0.5383406113537117,0.8144104803493449,0.09797501597190864,0.4606413994169096,0.5279300291545187,0.6946064139941691,0.03535411894565489,0.48770491803278687,0.6481010928961749,0.8811475409836066,0.14252845505010503,0.5031876138433515,0.6200683060109288,0.8724954462659381,0.11923482963419078,0.056767676767676765,0.05414141414141414,0.05858585858585859,0.11257575757575758,0.11060606060606061,0.11462121212121212,0.1680808080808114,0.16626262626262922,0.17008417508417842,0.22348484848484848,0.22208333333333333,0.22518939393939394,0.2787474747474886,0.2773333333333465,0.2804040404040536,0.003613776751493622,0.003388868102085261,0.003907542206791707,0.08343434343434343,0.07434343434343435,0.095,0.13828282828282829,0.1318181818181818,0.1497222222222222,0.19744107744108183,0.1902356902356946,0.20656565656566167,0.2542929292929293,0.24702020202020203,0.2628409090909091,0.3104444444444586,0.30404040404041865,0.3176363636363779,0.029327571513958595,0.023015283022716264,0.03312988627330238,0.52,0.49,0.54,0.575,0.555,0.6,0.6133333333333333,0.5999999999999998,0.6333333333333331,0.64,0.6275,0.6575,0.6639999999999995,0.6499999999999999,0.6799999999999997,0.3059965376794195,0.25450534425168886,0.3889095340413764,0.52,0.49,0.54,0.575,0.555,0.6,0.6133333333333332,0.5966666666666665,0.63,0.64,0.625,0.6575,0.662,0.648,0.6799999999999996,0.3371610406816283,0.2558618991175873,0.3951555220884978
whobin_50,0.2,10,128,soft,100,5,sgd,0,0,0,0,0.0,random,None,0.0,0.8,softplus,0,10481498,0.47540983606557374,0.5249999999999998,0.825136612021858,0.06274330051394873,0.46994535519125685,0.5178870673952641,0.6967213114754098,0.0323663887414425,0.46174863387978143,0.7122404371584696,0.8715846994535519,0.13315370189411835,0.5318761384335154,0.6735200364298725,0.8911657559198543,0.12009034004143787,0.055353535353535356,0.05333333333333334,0.05757575757575758,0.1111111111111111,0.10941919191919192,0.11303030303030304,0.16693602693603005,0.16538720538720852,0.1685521885521919,0.22247474747474746,0.2211237373737374,0.22434343434343434,0.27814141414142746,0.2768989898990032,0.2800303030303165,0.003554622840531188,0.0033302678184254824,0.0038717892241533127,0.13737373737373737,0.10484848484848484,0.17944444444444443,0.2013131313131313,0.18654040404040406,0.22613636363636364,0.26161616161616075,0.25063973063973116,0.2760269360269343,0.31765151515151513,0.3085732323232323,0.32856060606060605,0.3691111111111264,0.3568585858586011,0.378686868686883,0.044522757598878915,0.03592072052237949,0.05524031685075667,0.36,0.33,0.38,0.415,0.4,0.44,0.4633333333333335,0.4466666666666667,0.48666666666666664,0.505,0.485,0.525,0.536,0.5199999999999999,0.5559999999999998,0.4118873750171994,0.3525752188909663,0.5867464667690669,0.36,0.33,0.38,0.415,0.395,0.44,0.4666666666666666,0.4466666666666667,0.48666666666666686,0.5025,0.485,0.525,0.5379999999999998,0.5180000000000001,0.556,0.4365835131785377,0.35305491103540915,0.5847535796338486
whobin_62,0.001,10,128,relu,100,5,adam,0,0,0,0,0.0,random,None,0.0,0.8,standard,0,10480210,0.8842794759825328,0.901222707423581,0.9170305676855895,0.006794007659224884,0.9169096209912536,0.9304446064139944,0.9402332361516035,0.004601954469380214,0.9057377049180327,0.9321994535519125,0.9467213114754098,0.007299877161657827,0.9171220400728597,0.9380236794171221,0.9480874316939891,0.005469601426002082,0.5194949494949495,0.3337373737373737,0.7668686868686869,0.6253030303030302,0.4421464646464647,0.8067929292929292,0.6062962962962858,0.5084680134680173,0.6605892255892049,0.5833838383838383,0.5504419191919192,0.6120707070707071,0.5901818181818088,0.5606161616161554,0.6179090909090854,0.5911813740000673,0.24166922660528994,0.7270159113210897,0.6167676767676767,0.44262626262626265,0.8163636363636364,0.5631818181818182,0.48505050505050507,0.8420454545454545,0.5828956228956165,0.5001178451178426,0.6762962962962773,0.5732575757575757,0.5132070707070706,0.6043686868686868,0.5617777777777728,0.5311818181818144,0.5908989898989867,0.6979926026247846,0.3521749374533867,0.86559678352298,0.6,0.36,0.8274999999999999,0.6525000000000001,0.51,0.87,0.6499999999999998,0.5474999999999999,0.73,0.6475,0.585,0.691875,0.6499999999999997,0.6099999999999999,0.6814999999999994,2.8869717644117756,1.8671401408395647,3.510742208802899,0.56,0.37,0.81,0.6125,0.5,0.845,0.638333333333333,0.5466666666666665,0.7233333333333332,0.645,0.5825,0.69,0.6489999999999999,0.6134999999999999,0.6819999999999997,2.72313120004992,1.7190320348316392,3.3779018174627278
whobin_62,0.001,10,128,soft,25,5,adam,0,0,0,0,0.0,random,None,0.0,0.8,softplus,0,10481471,0.7860262008733624,0.8227947598253273,0.851528384279476,0.011837686162266764,0.8462099125364432,0.873498542274053,0.8957725947521866,0.008689880840294718,0.8729508196721312,0.8960382513661206,0.912568306010929,0.007345357955612041,0.8811475409836066,0.9084744990892533,0.9212204007285975,0.006670402854348636,0.43676767676767675,0.3545959595959596,0.5626262626262626,0.4812626262626263,0.4313888888888889,0.5438888888888889,0.5428619528619516,0.4908922558922552,0.5768518518518475,0.5526515151515152,0.5156691919191919,0.58875,0.5727878787878717,0.552757575757568,0.6178484848484791,0.4901663754892175,0.47354063394112234,0.5835608468774864,0.8650505050505051,0.828030303030303,0.9040404040404041,0.6848989898989899,0.653989898989899,0.711919191919192,0.7444444444444259,0.6885016835016614,0.7830471380471233,0.728459595959596,0.6927272727272727,0.7745454545454545,0.6941212121212268,0.668666666666667,0.7292525252525479,0.7906686531897793,0.7404699526262116,0.9632709477742918,0.67,0.6,0.74,0.695,0.66,0.725,0.7299999999999998,0.6899999999999997,0.7524999999999997,0.725,0.705,0.735,0.7429999999999991,0.7279999999999991,0.7559999999999992,3.287553642070595,2.9804447197938844,4.3669050095909405,0.67,0.6,0.73,0.695,0.66,0.725,0.7233333333333332,0.6866666666666661,0.75,0.72,0.7025,0.735,0.7419999999999993,0.7279999999999994,0.7559999999999996,3.2927039003183625,2.992365211953358,4.355023256706223
whobin_50,0.2,10,128,soft,50,5,sgd,0,0,0,0,0.0,random,None,0.0,0.8,softplus,0,10481496,0.47540983606557374,0.5398360655737704,0.855191256830601,0.08605575449233241,0.465391621129326,0.5079052823315121,0.599271402550091,0.02142322761949647,0.46174863387978143,0.6104644808743172,0.8647540983606558,0.11533518307608584,0.5359744990892532,0.5812295081967214,0.8683970856102003,0.08505314199983784,0.05595959595959596,0.05333333333333334,0.05858585858585859,0.11151515151515151,0.10939393939393939,0.11391414141414141,0.1670707070707102,0.1649326599326631,0.16900673400673716,0.22270202020202018,0.22087121212121213,0.22443181818181818,0.27850505050506386,0.27670707070708467,0.2804444444444577,0.0036061128761228686,0.0034168848324150395,0.0038866256362961333,0.06545454545454546,0.061414141414141414,0.0707070707070707,0.12414141414141414,0.12118686868686869,0.1277020202020202,0.18289562289562722,0.17925925925926306,0.18693602693603117,0.24002525252525253,0.23559343434343433,0.24391414141414142,0.2952323232323373,0.2907070707070861,0.29951515151516567,0.016560437397142545,0.01214539309330756,0.023486907033122686,0.57,0.55,0.6,0.63,0.605,0.645,0.6633333333333333,0.6466666666666667,0.6766666666666667,0.695,0.68,0.705,0.7159999999999996,0.7059999999999998,0.7259999999999992,0.17064081118832317,0.13956710198091926,0.3094588783014578,0.58,0.55,0.61,0.625,0.605,0.645,0.6666666666666664,0.6499999999999999,0.6800000000000002,0.695,0.6825,0.7025,0.7159999999999997,0.7059999999999996,0.7259999999999994,0.1856888534624607,0.13922910904852132,0.31729692765770434
whobin_62,0.2,10,128,relu,50,5,sgd,0,0,0,0,0.0,random,None,0.0,0.8,standard,0,10480275,0.7554585152838428,0.8479475982532754,0.8930131004366813,0.02476895005265221,0.6341107871720116,0.8698032069970845,0.9030612244897959,0.02998111285571946,0.6284153005464481,0.8809426229508199,0.9344262295081968,0.053162046551895964,0.8834244080145719,0.9039162112932604,0.9212204007285975,0.007698908635849935,0.5182828282828282,0.4294444444444444,0.6271212121212122,0.44666666666666666,0.39906565656565657,0.4872474747474747,0.4435690235690226,0.40476430976430533,0.47269360269360194,0.4546969696969697,0.42771464646464646,0.4856060606060606,0.473757575757577,0.4552727272727328,0.5070606060606038,0.10330267874968665,0.08878320429638499,0.1523372846205511,0.556868686868687,0.3098989898989899,0.7931818181818182,0.5427272727272727,0.424469696969697,0.6612373737373738,0.5341750841750836,0.47168350168350237,0.5811784511784449,0.5279040404040405,0.5043560606060606,0.5481565656565657,0.5321212121212096,0.5165353535353527,0.5507979797979782,0.14501799878051225,0.11972769593988497,0.20002507277827689,0.63,0.49,0.74,0.575,0.535,0.605,0.5966666666666663,0.5699999999999998,0.6199999999999996,0.62,0.6025,0.645,0.6499999999999997,0.6279999999999997,0.6699999999999997,0.66496837779185,0.5183498660089436,0.8907190129038526,0.61,0.48,0.73,0.575,0.535,0.6,0.5966666666666662,0.5733333333333331,0.6166666666666665,0.625,0.6025,0.645,0.6509999999999998,0.6314999999999997,0.6719999999999996,0.658290216884234,0.5151290159968088,0.8985636769662317
whobin_50,0.2,10,128,relu,75,5,sgd,0,0,0,0,0.0,random,None,0.0,0.8,standard,0,10480282,0.7049180327868853,0.8559016393442621,0.8879781420765027,0.021201270331202383,0.8178506375227687,0.8679508196721311,0.9080145719489982,0.018235641692598854,0.7909836065573771,0.8923907103825135,0.9289617486338798,0.031101283237915747,0.8998178506375227,0.9180919854280506,0.9285063752276868,0.006147255946977646,0.4224242424242424,0.3427272727272727,0.513989898989899,0.4365151515151515,0.3996717171717172,0.4682828282828283,0.45138047138046866,0.42245791245790987,0.47875420875420865,0.4736616161616162,0.4481565656565657,0.49318181818181817,0.4957777777777733,0.4733535353535375,0.5126565656565605,0.07942175211746985,0.061327116553183895,0.11190221442928013,0.5877777777777777,0.3211616161616162,0.8284848484848485,0.5767676767676768,0.4444444444444444,0.765959595959596,0.5649158249158207,0.5047643097643109,0.6163973063972878,0.5527777777777778,0.533219696969697,0.5714646464646465,0.5580202020201976,0.5348989898989858,0.5802424242424247,0.11268407285419231,0.08965302461041204,0.15738993098209925,0.52,0.4025,0.64,0.4975,0.465,0.525,0.5366666666666664,0.5099999999999997,0.5666666666666664,0.57,0.5425,0.596875,0.5979999999999999,0.5705000000000002,0.624,0.5700501010218435,0.4332216272199103,0.810935753399748,0.52,0.4,0.63,0.5,0.47,0.525,0.5366666666666665,0.5133333333333333,0.5633333333333332,0.5725,0.5475,0.6,0.6020000000000001,0.5779999999999998,0.6280000000000001,0.5528082942160852,0.41831046401802524,0.801346306621722
whobin_94,0.2,10,128,soft,25,5,sgd,0,0,0,0,0.0,random,None,0.0,0.8,softplus,0,10481486,0.47889374090247455,0.520524017467249,0.8457059679767104,0.07024854453824766,0.48104956268221577,0.5303887269193386,0.8425655976676385,0.06196874444373349,0.49453551912568305,0.5502595628415299,0.8497267759562842,0.09705152928008264,0.47586520947176686,0.5347677595628417,0.8556466302367942,0.07018937773281948,0.054747474747474746,0.05292929292929293,0.05696969696969697,0.1112121212121212,0.10949494949494949,0.11303030303030304,0.16754208754209057,0.16585858585858887,0.16922558922559272,0.22343434343434343,0.22151515151515153,0.2253030303030303,0.27915151515152875,0.277494949494962,0.28082828282829597,0.010177037794622359,0.005701694232430967,0.0134473178632337,0.05494949494949495,0.05333333333333334,0.05757575757575758,0.11181818181818182,0.10977272727272727,0.11376262626262626,0.16821548821549143,0.16606060606060932,0.17037037037037367,0.22406565656565658,0.22210858585858584,0.22601010101010102,0.27975757575758964,0.27785858585859896,0.2816161616161741,0.012853492686556068,0.0062238816815522475,0.015050322333523517,0.93,0.91,0.95,0.945,0.93,0.955,0.946666666666667,0.94,0.9566666666666667,0.9525,0.945,0.96,0.9539999999999997,0.9479999999999995,0.9619999999999997,0.05124451050653333,0.01620233695008521,0.06370360911213982,0.93,0.91,0.95,0.945,0.935,0.955,0.95,0.94,0.9566666666666669,0.9525,0.945,0.96,0.9559999999999996,0.9479999999999997,0.9619999999999996,0.05154080198484798,0.01777522235457253,0.062781512858652
whobin_75,0.001,10,128,relu,75,5,adam,0,0,0,0,0.0,random,None,0.0,0.8,standard,0,10480221,0.8852459016393442,0.904936247723133,0.9198542805100182,0.0071605553213266535,0.9101396478445659,0.9214146933819057,0.9338190649666059,0.0038152501838663497,0.8838797814207651,0.9060928961748634,0.924863387978142,0.0077439136431745135,0.918943533697632,0.9311202185792348,0.9453551912568307,0.004165419802092438,0.48545454545454547,0.3373737373737374,0.676969696969697,0.6065656565656565,0.46565656565656566,0.7861616161616162,0.5910437710437667,0.535757575757569,0.6576430976430738,0.5967676767676767,0.5571212121212121,0.6193939393939394,0.5928080808080808,0.5669494949494922,0.6170505050505029,0.5361611951235424,0.32070092224323604,0.6239285185360111,0.5713131313131313,0.41909090909090907,0.7771212121212121,0.5956565656565657,0.49088383838383837,0.725580808080808,0.5844444444444357,0.5246296296296296,0.6433333333333126,0.5787626262626262,0.5414646464646465,0.6009595959595959,0.5768484848484791,0.5443030303030283,0.6048181818181788,0.5210633875157418,0.33210831733104107,0.5994658456752529,0.65,0.49,0.78,0.71,0.57,0.835,0.6933333333333332,0.6233333333333331,0.7533333333333333,0.705,0.6625,0.745,0.7119999999999994,0.6859999999999996,0.7479999999999992,1.4548750508682375,1.0126216387188247,2.381938477706809,0.63,0.48,0.77,0.675,0.565,0.805,0.6833333333333331,0.6299999999999997,0.7400000000000001,0.7025,0.6625,0.7375,0.7119999999999993,0.6839999999999995,0.7439999999999994,1.452512111347355,0.9689036359883373,2.4945817594530113
whobin_94,0.001,10,128,relu,25,5,adam,0,0,0,0,0.0,random,None,0.0,0.8,standard,0,10480240,0.8646288209606987,0.8814119359534205,0.8981077147016011,0.0066016258631365135,0.8751214771622935,0.8900874635568516,0.8994169096209913,0.0055389323485259346,0.8770491803278688,0.893224043715847,0.9098360655737705,0.0067666955930944786,0.8816029143897997,0.8963296903460839,0.9102914389799636,0.005415391222129048,0.5658585858585858,0.472020202020202,0.648080808080808,0.5138383838383839,0.48358585858585856,0.5431818181818182,0.5312457912457901,0.5092592592592611,0.5553198653198635,0.5643939393939394,0.5436616161616161,0.5794949494949495,0.5844444444444379,0.5667474747474708,0.613090909090906,0.4559260872543325,0.40955660932903637,0.6028086747634689,0.6024242424242424,0.5033333333333334,0.6955555555555556,0.5620202020202021,0.49272727272727274,0.618459595959596,0.539292929292931,0.5079292929292964,0.590252525252521,0.5651262626262626,0.5442929292929293,0.5869065656565656,0.5893737373737347,0.5668080808080737,0.6072323232323185,0.4630809322509788,0.38334043735542933,0.623487513526407,0.79,0.75,0.84,0.76,0.74,0.79,0.79,0.7633333333333333,0.8166666666666668,0.7975,0.7725,0.82,0.8039999999999995,0.7819999999999996,0.8239999999999994,1.109318524259905,0.7598127739129125,1.7810570475856329,0.78,0.74,0.84,0.76,0.74,0.785,0.7900000000000001,0.7624999999999998,0.8133333333333337,0.7975,0.7725,0.82,0.8059999999999989,0.7834999999999992,0.8239999999999994,1.0658247867265724,0.7502235462933124,1.736384734336565
whobin_94,0.2,10,128,relu,100,5,sgd,0,0,0,0,0.0,random,None,0.0,0.8,standard,0,10480244,0.6826783114992722,0.859606986899564,0.9097525473071325,0.04272557508508434,0.8731778425655977,0.8969776482021382,0.9139941690962099,0.00777938988569092,0.6885245901639344,0.8784836065573769,0.9153005464480874,0.03286725974910066,0.8861566484517304,0.9041165755919853,0.9162112932604736,0.006222580538519832,0.6791919191919192,0.41323232323232323,0.8105050505050505,0.5806060606060606,0.5288888888888889,0.6177777777777778,0.542424242424247,0.5182491582491568,0.5657912457912493,0.5388888888888889,0.5187121212121212,0.5645959595959597,0.5476767676767653,0.527717171717168,0.5808686868686895,0.12534725631542604,0.08935502075643612,0.16728702459840933,0.6836363636363636,0.4125757575757576,0.8644444444444445,0.6105050505050506,0.5295454545454545,0.7166161616161616,0.5698653198653196,0.5241582491582418,0.6072558922558855,0.5492424242424242,0.5317045454545455,0.5666035353535354,0.5489696969696942,0.5334949494949464,0.5718484848484809,0.1271907443012313,0.07464809325696749,0.16915803427172293,0.77,0.65,0.88,0.725,0.69,0.78,0.7133333333333333,0.6799999999999994,0.7516666666666667,0.7175,0.6825,0.76,0.7259999999999996,0.6939999999999995,0.7659999999999992,0.4561469381861835,0.20770405289501437,0.7503398909125603,0.75,0.64,0.88,0.725,0.685,0.775,0.7133333333333328,0.6799999999999996,0.7499999999999997,0.71875,0.68,0.76,0.7279999999999995,0.6934999999999996,0.7619999999999993,0.4172805082586425,0.1989579658159922,0.7424847864141402
whobin_94,0.001,10,128,soft,100,5,adam,0,0,0,0,0.0,random,None,0.0,0.8,softplus,0,10481482,0.851528384279476,0.8706550218340614,0.8850072780203785,0.0062642408034356695,0.8862973760932945,0.9087414965986399,0.9217687074829932,0.007005412587919896,0.8633879781420765,0.8815710382513662,0.9016393442622951,0.005897131323183661,0.8875227686703097,0.9090710382513665,0.9175774134790529,0.004113955353533521,0.98,0.98,1.0,0.7618181818181818,0.7391414141414141,0.8098484848484848,0.9198653198653202,0.8745117845117709,0.9476767676767701,0.8523737373737373,0.8332575757575758,0.8708333333333333,0.7972929292929651,0.7684646464646776,0.8197171717172107,0.9370314042678154,0.6573912627928253,1.0341203380190214,0.98,0.98,1.0,0.9224747474747474,0.8427272727272728,0.9634343434343434,0.9614814814814775,0.9297474747474682,0.9866666666666689,0.8018939393939394,0.7818055555555556,0.8121338383838383,0.7487474747474887,0.7181717171717192,0.7686969696969924,0.9070808221511999,0.7001980757917861,1.03716305010845,0.99,0.99,1.0,0.865,0.84,0.8975,0.9566666666666667,0.93,0.97,0.86,0.84875,0.87,0.8279999999999988,0.8169999999999991,0.8379999999999989,1.918135154957799,1.8136250582978808,2.571300407570207,0.99,0.99,1.0,0.865,0.84,0.9,0.9566666666666667,0.9300000000000003,0.9700000000000002,0.86,0.8475,0.87,0.8279999999999988,0.8159999999999992,0.835999999999999,1.9016334207041998,1.7901352884599975,2.5483476695384466
whobin_75,0.2,10,128,soft,50,5,sgd,0,0,0,0,0.0,random,None,0.0,0.8,softplus,0,10481488,0.4663023679417122,0.5596539162112935,0.8287795992714025,0.11068938899294248,0.4784456587735276,0.5308986035215544,0.8221007893139041,0.041450078245863296,0.49453551912568305,0.5895628415300544,0.8469945355191257,0.1187386113861688,0.4949908925318761,0.589348816029144,0.8793260473588342,0.09698162803108708,0.05717171717171717,0.054747474747474746,0.0597979797979798,0.11303030303030304,0.11060606060606061,0.11545454545454545,0.16855218855219187,0.16666666666666985,0.17050505050505416,0.22414141414141414,0.22227272727272726,0.22646464646464645,0.28016161616162955,0.2783030303030435,0.28206060606061995,0.004470591364476146,0.004068115878943782,0.005192251406384677,0.06494949494949495,0.06121212121212121,0.0696969696969697,0.12414141414141414,0.12080808080808081,0.12797979797979797,0.18279461279461698,0.17959595959596347,0.18659932659933087,0.2402020202020202,0.23593434343434344,0.24393939393939393,0.2958383838383982,0.2915757575757711,0.29975757575759043,0.017440153272248446,0.013139031565916863,0.025497832521274445,0.66,0.63,0.69,0.71,0.69,0.73,0.7466666666666665,0.7300000000000003,0.7599999999999999,0.765,0.755,0.775,0.7839999999999993,0.7739999999999996,0.7919999999999994,0.17668458976579432,0.15710198976377043,0.29516534942988354,0.66,0.63,0.69,0.71,0.69,0.725,0.7433333333333334,0.7300000000000001,0.7566666666666667,0.765,0.7575,0.7775,0.7839999999999994,0.7739999999999995,0.791999999999999,0.19212865771660947,0.15474159577109767,0.30688226096088866
whobin_75,0.001,10,128,soft,75,5,adam,0,0,0,0,0.0,random,None,0.0,0.8,softplus,0,10481476,0.8633879781420765,0.878032786885246,0.8961748633879781,0.006372208496637145,0.8949605343047966,0.9076624165148758,0.9186399514268366,0.004689480450574471,0.8620218579234973,0.8747131147540982,0.889344262295082,0.005669958494998493,0.8993624772313297,0.9185154826958111,0.9275956284153005,0.004594453643615332,1.0,0.98,1.0,0.7839393939393939,0.7324242424242424,0.834040404040404,0.8360942760942542,0.7923232323232097,0.8723232323232163,0.8038383838383838,0.7705555555555555,0.8293434343434344,0.776000000000025,0.7301414141414229,0.8016969696969947,0.8898075340565567,0.8195435162179545,1.0331617919467937,0.98,0.9602020202020202,1.0,0.7721212121212121,0.7431313131313131,0.8211111111111111,0.953737373737371,0.8891582491582417,0.9735353535353537,0.7761616161616162,0.7556439393939394,0.7901010101010101,0.7150505050505076,0.6878484848484732,0.7297777777777845,0.8621936888027104,0.807543988771104,1.0361773068128284,0.98,0.98,0.99,0.91,0.885,0.935,0.9033333333333331,0.8799999999999999,0.9266666666666669,0.845,0.8375,0.86,0.8339999999999991,0.823999999999999,0.8439999999999991,1.7289326816352952,1.521017216240984,2.0481042716241356,0.98,0.98,0.99,0.905,0.885,0.93,0.9033333333333338,0.8800000000000003,0.9266666666666669,0.8475,0.8375,0.8625,0.8339999999999992,0.8239999999999991,0.8439999999999991,1.725935429817508,1.503362856177581,2.2605156381444074
whobin_62,0.2,10,128,soft,100,5,sgd,0,0,0,0,0.0,random,None,0.0,0.8,softplus,0,10481491,0.4650655021834061,0.5468995633187773,0.8165938864628821,0.09790792289751975,0.47959183673469385,0.5359183673469389,0.8083090379008746,0.04688862014439608,0.48770491803278687,0.7072950819672132,0.8989071038251366,0.1399138711402629,0.517304189435337,0.672764116575592,0.8838797814207651,0.11724415697275639,0.05616161616161616,0.05393939393939394,0.058383838383838385,0.11202020202020202,0.11002525252525253,0.11383838383838384,0.16821548821549176,0.16634680134680468,0.17023569023569357,0.22363636363636363,0.2222222222222222,0.2255429292929293,0.27931313131314506,0.27758585858587226,0.28141414141415483,0.003939421714681056,0.003643768012294544,0.004294403164222556,0.12323232323232323,0.0997979797979798,0.15378787878787878,0.19318181818181818,0.18045454545454545,0.21830808080808078,0.25407407407407456,0.24309764309764456,0.2714983164983152,0.31047979797979797,0.3016161616161616,0.32292929292929295,0.36280808080809523,0.3531717171717321,0.37213131313132597,0.041046523408457394,0.03354182917353497,0.05041492435930257,0.42,0.4,0.44,0.47,0.45,0.49,0.5166666666666668,0.5000000000000001,0.5300000000000002,0.5525,0.5375,0.566875,0.581,0.5679999999999998,0.5959999999999999,0.3665223028568702,0.3216111882190117,0.5376620222744836,0.42,0.39,0.44,0.47,0.45,0.49,0.5166666666666666,0.4999999999999999,0.5333333333333333,0.5525,0.535,0.57,0.5800000000000001,0.5660000000000003,0.5959999999999998,0.4017992581783355,0.3191137026568281,0.5390753517559448
whobin_62,0.2,10,128,relu,100,5,sgd,0,0,0,0,0.0,random,None,0.0,0.8,standard,0,10480272,0.8034934497816594,0.8686899563318774,0.8973799126637555,0.017746189776342524,0.8520408163265306,0.8908600583090382,0.9103498542274052,0.011148802026205355,0.7226775956284153,0.8900546448087432,0.9398907103825137,0.040858406213370016,0.8884335154826958,0.909530965391621,0.924863387978142,0.00647112848711891,0.6894949494949495,0.599040404040404,0.7874747474747474,0.5049494949494949,0.47103535353535353,0.534520202020202,0.48774410774410615,0.46548821548821784,0.5100000000000032,0.5013636363636365,0.4792550505050505,0.5219318181818182,0.5187272727272683,0.501484848484846,0.5454343434343396,0.09667106397846183,0.07175460951904356,0.16024708929959966,0.5171717171717172,0.34964646464646465,0.7917171717171717,0.5945454545454546,0.466489898989899,0.7412626262626263,0.5716498316498292,0.5095454545454521,0.6132154882154803,0.5497727272727273,0.5296464646464647,0.5696464646464646,0.552646464646461,0.5296262626262589,0.5840101010101009,0.12660654380331143,0.08306279841533373,0.1664281551616194,0.67,0.45,0.82,0.61,0.56,0.67,0.6333333333333329,0.5974999999999999,0.6600000000000001,0.65,0.62,0.675,0.6699999999999997,0.6404999999999998,0.6974999999999996,0.47932702942559624,0.36736146979628564,0.6741939306327308,0.64,0.43,0.82,0.61,0.555,0.66,0.6299999999999997,0.5966666666666665,0.6599999999999997,0.6487499999999999,0.6225,0.6775,0.6699999999999997,0.6459999999999997,0.6979999999999995,0.44651387945109444,0.32852622645574736,0.6611019772559764
whobin_50,0.2,10,128,relu,50,5,sgd,0,0,0,0,0.0,random,None,0.0,0.8,standard,0,10480278,0.47540983606557374,0.8461475409836068,0.8797814207650273,0.04018845205356364,0.6265938069216758,0.8457650273224049,0.895264116575592,0.03388403497790839,0.6653005464480874,0.8860792349726776,0.9289617486338798,0.039733152707901356,0.8975409836065574,0.9137340619307835,0.9289617486338798,0.006882414294235459,0.2806060606060606,0.22025252525252526,0.347979797979798,0.3180808080808081,0.27790404040404043,0.3491666666666666,0.3457239057239005,0.31370370370370054,0.37296296296295917,0.3790151515151515,0.3530808080808081,0.40034090909090914,0.41367676767677986,0.3923030303030429,0.4345858585858654,0.08364715889451611,0.06715908057898161,0.11239763121760035,0.5988888888888888,0.3527272727272727,0.8113131313131313,0.5594444444444444,0.43676767676767675,0.6983080808080808,0.5486868686868622,0.48850168350168405,0.5983501683501591,0.5475757575757576,0.5230050505050505,0.5636237373737374,0.5488282828282776,0.5319999999999967,0.5729797979797894,0.14671861209295034,0.12297138192267473,0.20464873909453934,0.44,0.38,0.52,0.435,0.405,0.46,0.48000000000000015,0.4575000000000001,0.5000000000000002,0.525,0.5025,0.545,0.5599999999999998,0.5385000000000001,0.58,0.8635941772410543,0.6813894283302983,1.291766960710452,0.44,0.38,0.52,0.44,0.41,0.465,0.485,0.4633333333333334,0.5066666666666664,0.5275,0.5075,0.5475,0.56,0.5420000000000001,0.5819999999999999,0.818395788053704,0.6778762853897466,1.2432944849373888
whobin_62,0.001,10,128,relu,50,5,adam,0,0,0,0,0.0,random,None,0.0,0.8,standard,0,10480213,0.8646288209606987,0.8829257641921398,0.9061135371179039,0.007435002772224999,0.8935860058309038,0.9117274052478136,0.9249271137026239,0.006062190445497041,0.9016393442622951,0.9244945355191253,0.9398907103825137,0.0068383971903115985,0.907103825136612,0.9201958105646628,0.9357923497267759,0.0049601745541923235,0.6139393939393939,0.4860606060606061,0.7397474747474747,0.5719191919191919,0.5046969696969698,0.6254545454545455,0.5725925925925879,0.5306734006734022,0.6080639730639711,0.5774494949494949,0.5563888888888888,0.5997474747474747,0.5880808080808025,0.5696464646464535,0.6127979797979759,0.46619352262061314,0.3382480973011941,0.6058044207330522,0.46525252525252525,0.3115151515151515,0.6286363636363637,0.5953030303030303,0.4402020202020202,0.7747979797979798,0.5728282828282835,0.5114814814814823,0.6434175084174889,0.5786868686868687,0.5490909090909091,0.6022348484848484,0.5754949494949467,0.5505252525252473,0.5998888888888808,0.5302807417162676,0.3626271750667026,0.6440481474106935,0.59,0.37,0.78,0.65,0.545,0.75,0.6599999999999997,0.6133333333333332,0.7224999999999997,0.68,0.655,0.71,0.6939999999999997,0.6684999999999999,0.7219999999999998,1.8605015423328228,1.238157999565653,2.6687552776366417,0.56,0.37,0.76,0.635,0.54,0.73,0.6499999999999997,0.613333333333333,0.7074999999999998,0.6775,0.655,0.705,0.6959999999999995,0.6719999999999999,0.7224999999999997,1.7496025553669274,1.1172185135246469,2.562061911015687
whobin_94,0.001,10,128,relu,100,5,adam,0,0,0,0,0.0,random,None,0.0,0.8,standard,0,10480236,0.8951965065502183,0.9113973799126635,0.9286754002911208,0.007180289973000444,0.9042759961127308,0.9183867832847428,0.9295432458697764,0.004641340814491523,0.8934426229508197,0.9147950819672137,0.9330601092896175,0.007269133256923197,0.9148451730418944,0.9273861566484517,0.9408014571948998,0.005067722952140854,0.6141414141414141,0.44666666666666666,0.7844444444444445,0.5828282828282828,0.5245959595959596,0.7604545454545455,0.6012121212121211,0.526329966329965,0.6630303030302842,0.5911616161616161,0.5467171717171717,0.619520202020202,0.5919191919191882,0.5638787878787825,0.6207676767676704,0.5581249849886359,0.2999771191524407,0.6433386788935042,0.6374747474747475,0.4407070707070707,0.8498989898989899,0.5864141414141414,0.48651515151515157,0.8296212121212121,0.5786531986531936,0.5067845117845123,0.6710437710437441,0.570050505050505,0.5322727272727273,0.6060101010101011,0.5681212121212049,0.5426666666666643,0.5990505050504991,0.6186408395119765,0.3044148683870781,0.7403311561862316,0.73,0.61,0.85,0.71,0.64,0.8474999999999999,0.71,0.6583333333333332,0.7766666666666668,0.715,0.67125,0.7625,0.7259999999999994,0.6839999999999998,0.761999999999999,2.137724882194803,0.9630302282449303,2.6496623554181364,0.74,0.62,0.85,0.705,0.64,0.8412499999999999,0.7066666666666666,0.6566666666666665,0.7675,0.71375,0.6725,0.7581249999999999,0.7219999999999996,0.6859999999999999,0.7619999999999993,2.094816461678044,0.8152318649223655,2.656038085826362
whobin_94,0.001,10,128,relu,75,5,adam,0,0,0,0,0.0,random,None,0.0,0.8,standard,0,10480238,0.8777292576419214,0.9060262008733625,0.9272197962154294,0.007182252008476551,0.901846452866861,0.9150340136054428,0.923712342079689,0.004438035415217037,0.8797814207650273,0.9114754098360652,0.9289617486338798,0.007862018890676595,0.9121129326047359,0.9226912568306008,0.9321493624772313,0.0038708641333327905,0.5480808080808081,0.3884848484848485,0.7323232323232324,0.5726262626262626,0.49808080808080807,0.7106060606060607,0.5820202020201899,0.5244444444444434,0.6362962962962835,0.5841414141414142,0.5475,0.6081818181818182,0.5857373737373682,0.5611515151515093,0.6126464646464593,0.5074847777164896,0.31693547896192464,0.5752313352806515,0.5466666666666666,0.3688888888888889,0.7798484848484849,0.5763131313131313,0.44146464646464645,0.7576010101010101,0.5612794612794544,0.48550505050505033,0.6368013468013272,0.5553535353535353,0.5206944444444445,0.5864772727272727,0.5602020202020155,0.5364343434343368,0.5841616161616106,0.5545796489439959,0.3053172073467234,0.6378297671068327,0.7,0.61,0.83,0.71,0.65,0.8125,0.7133333333333333,0.6733333333333331,0.7666666666666666,0.7225,0.6875,0.7575,0.7319999999999993,0.6999999999999997,0.7659999999999991,1.7159384735081782,0.8005311905288033,2.3406664743362757,0.69,0.61,0.83,0.705,0.65,0.795,0.7133333333333332,0.6733333333333331,0.7575000000000003,0.71875,0.6875,0.760625,0.7289999999999992,0.6999999999999993,0.7659999999999992,1.7010237025319328,0.7181690948097303,2.309445711355897
whobin_75,0.001,10,128,soft,25,5,adam,0,0,0,0,0.0,random,None,0.0,0.8,softplus,0,10481478,0.8360655737704918,0.8595081967213115,0.8816029143897997,0.008948169699793769,0.8627808136004858,0.8821129326047357,0.9034608378870674,0.00824256670127591,0.8401639344262295,0.8647814207650271,0.8838797814207651,0.010122167252108712,0.8902550091074681,0.9083561020036425,0.918943533697632,0.005461966255054046,0.6256565656565657,0.521010101010101,0.7755555555555556,0.5734343434343434,0.5319191919191919,0.6157575757575757,0.6162962962962841,0.5689562289562226,0.6472727272727148,0.6190909090909091,0.5903030303030303,0.6531313131313131,0.6250505050505039,0.6021414141414082,0.6684444444444544,0.6183298812373907,0.5891153563730255,0.7359767564572616,0.8478787878787879,0.7943434343434344,0.9024242424242425,0.6756565656565656,0.6486616161616161,0.6992171717171717,0.7088888888888714,0.6610101010100868,0.7518013468013219,0.6850505050505051,0.649709595959596,0.728510101010101,0.6760404040404066,0.6426060606060642,0.7133535353535461,0.7901480051505143,0.7161224630869827,0.9074014162056114,0.81,0.77,0.87,0.815,0.79,0.83,0.8333333333333331,0.8133333333333336,0.8466666666666667,0.845,0.835,0.855,0.8459999999999994,0.8359999999999995,0.8599999999999991,2.0367024845121944,1.6800802733250217,2.3729102640109847,0.82,0.77,0.87,0.81,0.79,0.835,0.8299999999999998,0.8100000000000003,0.8466666666666666,0.845,0.835,0.855,0.8479999999999991,0.8359999999999995,0.8599999999999993,2.05068432879791,1.6619971688450246,2.5267777510346483
whobin_62,0.001,10,128,soft,50,5,adam,0,0,0,0,0.0,random,None,0.0,0.8,softplus,0,10481472,0.8362445414847162,0.854323144104803,0.8755458515283843,0.007695259894699517,0.8862973760932945,0.9025145772594755,0.9154518950437318,0.00615651963205587,0.8797814207650273,0.8992622950819674,0.9139344262295082,0.005865159974448603,0.900728597449909,0.918224043715847,0.9266848816029144,0.005411545362366237,0.9406060606060606,0.9024242424242425,0.9602020202020202,0.6819191919191918,0.6607575757575758,0.7120707070707071,0.7082154882154671,0.676329966329953,0.7389730639730439,0.7054545454545456,0.6669444444444445,0.7423737373737374,0.7067676767676878,0.6573636363636324,0.7394747474747652,0.6904286870678138,0.6470716343782836,0.8504895371530591,0.98,0.9602020202020202,0.98,0.793030303030303,0.7477525252525252,0.8445454545454546,0.8648821548821386,0.8227104377104127,0.9041750841750741,0.79760101010101,0.7527146464646465,0.8187752525252525,0.7344646464646614,0.696757575757582,0.7543636363636584,0.9591687051592557,0.7939725801405266,1.1520288372266794,0.96,0.95,0.98,0.815,0.78,0.855,0.8466666666666669,0.8266666666666667,0.866666666666667,0.8175,0.805,0.8275,0.7959999999999989,0.7879999999999988,0.8059999999999989,3.2252324400618213,2.0219792106552754,3.9574674648437473,0.96,0.94,0.97,0.81,0.77,0.855,0.8466666666666667,0.8200000000000002,0.866666666666667,0.8175,0.805,0.8275,0.7959999999999989,0.7859999999999991,0.8039999999999989,3.3283161770897145,2.0568492006572483,4.100363702655455
whobin_50,0.2,10,128,soft,25,5,sgd,0,0,0,0,0.0,random,None,0.0,0.8,softplus,0,10481495,0.47540983606557374,0.5234972677595627,0.7786885245901639,0.06093202472146165,0.4544626593806922,0.5054553734061931,0.6903460837887068,0.028797893415439327,0.5382513661202186,0.563237704918033,0.8756830601092896,0.07166685286085031,0.5295992714025501,0.5543533697632056,0.8879781420765027,0.05918889230572734,0.05414141414141414,0.052525252525252523,0.05595959595959596,0.11070707070707071,0.10871212121212122,0.11272727272727273,0.16690235690236016,0.16498316498316828,0.16882154882155223,0.22247474747474746,0.22101010101010102,0.22428030303030302,0.2780404040404172,0.2764848484848614,0.2797171717171852,0.0038426138216710324,0.003644843791483221,0.004124188752458955,0.055757575757575756,0.05353535353535353,0.05818181818181818,0.11202020202020202,0.1102020202020202,0.11424242424242424,0.1686195286195319,0.16632996632996974,0.17097643097643428,0.2244949494949495,0.22220959595959594,0.22666666666666666,0.28016161616162893,0.27813131313132566,0.28222222222223425,0.016961945944750458,0.006406576638723732,0.02210149004417398,0.71,0.68,0.74,0.76,0.74,0.78,0.7833333333333335,0.7733333333333332,0.8,0.8025,0.79,0.8125,0.8159999999999994,0.8039999999999994,0.8279999999999991,0.31057113493373567,0.03691916909870383,0.46352690912893013,0.72,0.69,0.75,0.76,0.74,0.78,0.7833333333333337,0.7700000000000001,0.7999999999999998,0.8025,0.7925,0.8125,0.8179999999999994,0.8079999999999993,0.8279999999999994,0.3542964802561036,0.04171496426217955,0.4699574182404761
whobin_75,0.001,10,128,relu,50,5,adam,0,0,0,0,0.0,random,None,0.0,0.8,standard,0,10480222,0.8870673952641166,0.9005100182149363,0.9143897996357013,0.0061001274879920854,0.8979963570127505,0.9107468123861571,0.9210686095931998,0.0055288657864394465,0.8797814207650273,0.8983333333333339,0.9153005464480874,0.007633617700888638,0.9098360655737705,0.9217714025500914,0.930327868852459,0.004068549236464912,0.5298989898989899,0.4072727272727273,0.6971717171717172,0.6065656565656565,0.4892929292929293,0.6829292929292929,0.5802693602693535,0.5355555555555556,0.6217508417508226,0.5833333333333334,0.5623232323232323,0.6011111111111112,0.5863434343434256,0.5690101010100972,0.6134545454545423,0.46632456490686053,0.3471952413199182,0.5999937319339951,0.4815151515151515,0.34459595959595957,0.7138383838383839,0.5824242424242424,0.4709090909090909,0.7232828282828283,0.5866666666666587,0.5350336700336678,0.6351178451178255,0.5947727272727272,0.5635606060606061,0.6142929292929293,0.5964444444444406,0.5679393939393891,0.6330606060606065,0.4648030602982686,0.3569705609680721,0.6092450802062568,0.68,0.49,0.8,0.73,0.615,0.805,0.713333333333333,0.6599999999999998,0.7633333333333332,0.73,0.7,0.75,0.7399999999999993,0.7219999999999992,0.7619999999999998,1.2096209263286086,0.9587599500847436,2.1191370487293253,0.67,0.48,0.8,0.71,0.605,0.795,0.7033333333333331,0.6566666666666664,0.7599999999999998,0.725,0.7,0.75,0.7419999999999993,0.7179999999999995,0.7639999999999992,1.206540793538681,0.9353646543755003,2.1922563621029743
whobin_94,0.2,10,128,relu,75,5,sgd,0,0,0,0,0.0,random,None,0.0,0.8,standard,0,10480243,0.7336244541484717,0.8634352256186317,0.9068413391557496,0.03685431998307844,0.8654033041788144,0.8950826044703594,0.9101068999028182,0.007217560869635499,0.6912568306010929,0.8746721311475412,0.9098360655737705,0.0352049047797749,0.8811475409836066,0.9016438979963568,0.9175774134790529,0.006835000101397965,0.7246464646464646,0.42707070707070705,0.8746464646464647,0.5632323232323232,0.5037878787878788,0.611010101010101,0.5309764309764319,0.49814814814815056,0.5579797979797962,0.5340909090909091,0.5144696969696969,0.5511616161616162,0.5478383838383792,0.5287272727272696,0.5690505050504999,0.10790992128239885,0.08232463767154567,0.15335716365875784,0.7587878787878788,0.43232323232323233,0.8892929292929294,0.6162626262626263,0.5067929292929293,0.7300252525252525,0.5713804713804672,0.5111784511784554,0.619696969696955,0.5517171717171717,0.5231944444444445,0.5778409090909091,0.5537979797979733,0.5331616161616111,0.5714949494949477,0.11214295023426724,0.07528781435000068,0.16160205985621118,0.79,0.69,0.91,0.73,0.695,0.775,0.7166666666666666,0.6833333333333331,0.7566666666666665,0.7225,0.6925,0.7575,0.7279999999999993,0.6979999999999997,0.7699999999999995,0.4245433214716194,0.21121933009763058,0.7747370947404845,0.79,0.68,0.91,0.73,0.69,0.775,0.7199999999999998,0.6833333333333331,0.7533333333333334,0.7225,0.6925,0.7575,0.7299999999999994,0.6994999999999996,0.7679999999999993,0.39658012119792496,0.20186594803111851,0.7611421982140771
whobin_50,0.001,10,128,soft,75,5,adam,0,0,0,0,0.0,random,None,0.0,0.8,softplus,0,10481468,0.8169398907103825,0.8686885245901641,0.8989071038251366,0.018853726099812607,0.8879781420765027,0.9078688524590164,0.9234972677595629,0.008154841401475404,0.8702185792349727,0.890846994535519,0.9112021857923497,0.006674444535686394,0.9080145719489982,0.925346083788707,0.9344262295081968,0.004086615430738122,0.9602020202020202,0.9406060606060606,0.98,0.6428787878787878,0.6302272727272727,0.6577525252525253,0.6770707070706854,0.6550673400673236,0.6891582491582272,0.7656060606060606,0.7250126262626262,0.7880303030303031,0.837272727272768,0.78215151515154,0.8752323232323653,0.8259371199519918,0.7612883838793756,0.9909507765768,0.98,0.9602020202020202,0.98,0.9236363636363636,0.8911111111111111,0.9517171717171717,0.9359595959595886,0.8776094276094166,0.9607407407407355,0.7703282828282829,0.7446590909090909,0.7799116161616162,0.6953333333333254,0.67903030303029,0.7084040404040348,1.1161076864086827,0.7791768342424086,1.269353918084124,0.97,0.95,0.98,0.675,0.635,0.725,0.6933333333333331,0.6766666666666662,0.7166666666666665,0.71,0.6956249999999999,0.7225,0.7019999999999996,0.6939999999999994,0.7119999999999995,4.518090047481289,2.755584209188271,5.5720691164976985,0.97,0.95,0.98,0.67,0.62,0.72,0.6899999999999997,0.6724999999999994,0.7174999999999998,0.7075,0.695,0.72,0.7019999999999996,0.6939999999999996,0.7119999999999994,4.692994661766144,2.8437088331381375,5.551873063223364
whobin_62,0.001,10,128,relu,25,5,adam,0,0,0,0,0.0,random,None,0.0,0.8,standard,0,10480207,0.8231441048034934,0.8591484716157203,0.8908296943231441,0.012529384238047845,0.8527696793002916,0.8812026239067055,0.9016034985422741,0.00979798705683565,0.8961748633879781,0.9122404371584697,0.924863387978142,0.006560563888632821,0.8866120218579235,0.8995901639344264,0.9121129326047359,0.005698721181758383,0.3784848484848485,0.3277777777777778,0.4409090909090909,0.4155050505050505,0.38931818181818184,0.4455808080808081,0.4613468013468016,0.4447811447811451,0.47920875420875464,0.5023737373737374,0.4855808080808081,0.5218181818181818,0.535616161616156,0.5205858585858563,0.5586565656565639,0.3942937598158578,0.35707274862394817,0.502574895452961,0.5125252525252525,0.3803030303030303,0.6043939393939394,0.5611111111111111,0.4668939393939394,0.6443939393939394,0.5486195286195259,0.5072390572390597,0.5913468013467945,0.5720454545454545,0.5545075757575758,0.5854166666666667,0.5931717171717097,0.5684242424242368,0.6278585858585797,0.4472206368926133,0.4042481167765464,0.5880884974790079,0.64,0.58,0.68,0.645,0.615,0.67,0.6899999999999997,0.6675,0.7199999999999998,0.7075,0.69,0.735,0.7259999999999996,0.7099999999999994,0.7519999999999994,1.378312859488759,1.069353042644003,2.2075012326118166,0.63,0.58,0.68,0.64,0.62,0.67,0.6933333333333329,0.6699999999999997,0.7166666666666666,0.71,0.6925,0.74,0.7279999999999995,0.7099999999999995,0.7539999999999994,1.3404777479086036,1.0583468288379896,2.1886114902190057
whobin_50,0.2,10,128,relu,100,5,sgd,0,0,0,0,0.0,random,None,0.0,0.8,standard,0,10480281,0.7568306010928961,0.85620218579235,0.8961748633879781,0.021616339126515467,0.8187613843351548,0.8783333333333329,0.907103825136612,0.015122289204270695,0.73224043715847,0.8918306010928962,0.9398907103825137,0.04121627036737079,0.901183970856102,0.919344262295082,0.9339708561020036,0.0056228124505400935,0.5962626262626263,0.46257575757575753,0.7064141414141414,0.47904040404040404,0.4467929292929293,0.5048737373737373,0.4807407407407448,0.4562289562289555,0.4985016835016811,0.5000505050505051,0.4782449494949495,0.5230429292929293,0.523595959595953,0.500797979797978,0.5446161616161549,0.0969848354083955,0.07781957698432182,0.14206720875214052,0.5970707070707071,0.36828282828282827,0.8097474747474748,0.6035353535353536,0.48737373737373735,0.7512373737373738,0.5777441077441052,0.5185185185185176,0.6122222222222147,0.5553030303030303,0.5341540404040405,0.5756186868686868,0.5595555555555516,0.5323535353535291,0.5896565656565579,0.12969344571451302,0.0860124199649292,0.16367431146434094,0.62,0.4525,0.75,0.525,0.49,0.55,0.54,0.51,0.5799999999999997,0.5775,0.55,0.61,0.6119999999999999,0.5840000000000001,0.6399999999999999,0.5981905261323811,0.4431867822741228,0.7921795585839764,0.62,0.45,0.75,0.525,0.49,0.55,0.5466666666666665,0.5166666666666666,0.583333333333333,0.585,0.5575,0.610625,0.6160000000000001,0.5939999999999999,0.644,0.5848022132876435,0.4161982727013155,0.7964630273229317
whobin_75,0.2,10,128,relu,50,5,sgd,0,0,0,0,0.0,random,None,0.0,0.8,standard,0,10480266,0.819672131147541,0.8799089253187613,0.907103825136612,0.01579825219592378,0.8014571948998178,0.8805646630236796,0.9095324833029751,0.014391028002671833,0.6912568306010929,0.8632377049180328,0.9084699453551912,0.03384389900904405,0.8875227686703097,0.9082422586520948,0.9285063752276868,0.006737526164056882,0.6315151515151515,0.5244444444444445,0.7747474747474747,0.5106060606060606,0.45444444444444443,0.5425252525252525,0.4789225589225578,0.4504377104377081,0.5055892255892278,0.48338383838383836,0.46525252525252525,0.5100505050505051,0.5025454545454522,0.48379797979797645,0.5326060606060582,0.11485624271388069,0.10038258313023861,0.17375224372732284,0.6317171717171717,0.34474747474747475,0.8103030303030303,0.5552020202020203,0.4649242424242424,0.6204292929292929,0.5412457912457838,0.5033670033670042,0.5610269360269331,0.5338383838383838,0.5108585858585858,0.5688257575757576,0.550848484848479,0.5154242424242407,0.5843131313131291,0.13664684128765447,0.11549997862664135,0.2077694232598556,0.76,0.59,0.84,0.675,0.62,0.725,0.6866666666666663,0.6466666666666664,0.7133333333333333,0.7,0.67,0.7275,0.7179999999999994,0.6919999999999996,0.7459999999999993,0.48109996314142567,0.28991287268058624,0.7910810946688107,0.74,0.58,0.84,0.67,0.62,0.72,0.6799999999999998,0.6499999999999996,0.7099999999999995,0.7,0.6725,0.7275,0.7159999999999994,0.6919999999999998,0.7439999999999994,0.553821270322892,0.2912895025764076,0.8160103962588034
whobin_94,0.2,10,128,soft,50,5,sgd,0,0,0,0,0.0,random,None,0.0,0.8,softplus,0,10481485,0.47889374090247455,0.5637263464337698,0.8413391557496361,0.11082741932100544,0.4878522837706511,0.5682458697764821,0.8401360544217688,0.07912763504608637,0.4959016393442623,0.6075273224043718,0.8729508196721312,0.13132790065640235,0.4822404371584699,0.5928551912568306,0.8479052823315119,0.09119266253866139,0.060404040404040404,0.057373737373737375,0.06343434343434344,0.11737373737373738,0.11484848484848485,0.12015151515151515,0.17447811447811815,0.17154882154882514,0.1773737373737417,0.23176767676767676,0.22795454545454547,0.2348989898989899,0.2874343434343583,0.283878787878801,0.2907474747474894,0.008631694055231795,0.007242141418875409,0.013711123437770378,0.06262626262626263,0.05893939393939394,0.06707070707070707,0.12111111111111111,0.11815656565656565,0.12487373737373737,0.17872053872054278,0.17553872053872419,0.18269360269360696,0.23606060606060605,0.23262626262626263,0.23991161616161616,0.29222222222223626,0.28839393939395436,0.2961717171717308,0.013425370373310961,0.01047505726013815,0.01861906510462212,0.89,0.86,0.9,0.9,0.885,0.915,0.91,0.9,0.9166666666666671,0.9175,0.91,0.9275,0.9239999999999996,0.9179999999999996,0.9319999999999995,0.06335717998444985,0.048433577758323534,0.08006504572928506,0.88,0.87,0.9,0.9,0.885,0.91,0.91,0.9000000000000001,0.92,0.92,0.91,0.9275,0.9259999999999994,0.9179999999999994,0.9339999999999994,0.07052981630622551,0.04920107810790171,0.0801893013472862
whobin_62,0.001,10,128,relu,75,5,adam,0,0,0,0,0.0,random,None,0.0,0.8,standard,0,10480209,0.8755458515283843,0.895742358078603,0.9192139737991266,0.007721821849461145,0.9103498542274052,0.9245335276967931,0.9336734693877551,0.005236077742698526,0.9002732240437158,0.9298497267759561,0.9508196721311475,0.006469628624465648,0.9216757741347905,0.9325409836065575,0.9430783242258652,0.004628717797670284,0.5491919191919192,0.37803030303030305,0.7549494949494949,0.5759090909090909,0.4777777777777778,0.7251767676767676,0.5671380471380372,0.520101010101004,0.6248989898989755,0.5745454545454545,0.5479166666666666,0.5982575757575758,0.5765050505050465,0.557888888888887,0.6065454545454524,0.4894621073669462,0.29496286716441766,0.5881139301729348,0.5382828282828283,0.3961111111111111,0.7417171717171718,0.5566666666666666,0.4646717171717172,0.788409090909091,0.5677104377104255,0.49680134680134747,0.6467676767676475,0.5635606060606061,0.5251136363636364,0.593219696969697,0.5583232323232293,0.5344343434343413,0.5828181818181777,0.5828639839604417,0.3507869180237666,0.6883453712435049,0.56,0.32,0.7975000000000001,0.6475,0.48,0.8,0.6566666666666662,0.563333333333333,0.7091666666666665,0.65625,0.6075,0.685,0.6619999999999997,0.6319999999999998,0.6879999999999995,2.3076073485748765,1.4515452984654935,2.6975007081938247,0.51,0.3,0.78,0.61,0.485,0.785,0.643333333333333,0.5666666666666665,0.6999999999999998,0.655,0.6175,0.685625,0.6659999999999999,0.6359999999999998,0.6899999999999997,2.186141092193804,1.3358192389177352,2.638219422325659
whobin_94,0.001,10,128,soft,75,5,adam,0,0,0,0,0.0,random,None,0.0,0.8,softplus,0,10481481,0.8529839883551674,0.8695633187772926,0.883551673944687,0.006113173206053976,0.891642371234208,0.9084985422740526,0.922740524781341,0.005449848386516577,0.8592896174863388,0.8820491803278688,0.9016393442622951,0.006880202420310144,0.889344262295082,0.9082604735883426,0.918488160291439,0.004649012348353493,0.98,0.98,1.0,0.7401010101010101,0.724040404040404,0.766010101010101,0.8717845117845021,0.8224579124578888,0.9191582491582463,0.8304040404040404,0.8083838383838384,0.8521717171717171,0.7850909090909433,0.7575757575757821,0.8044040404040806,0.8699006518790993,0.8000962064289059,1.0129797787397272,0.98,0.9602020202020202,1.0,0.878030303030303,0.8056565656565656,0.9215656565656566,0.9360942760942655,0.8758754208754086,0.9670033670033604,0.7926515151515152,0.7603409090909091,0.804949494949495,0.7414343434343567,0.7027878787878765,0.7574242424242609,0.8771495266814004,0.7966514896009046,1.0114243401063958,0.98,0.97,0.99,0.84,0.81,0.87,0.9300000000000002,0.9066666666666668,0.9533333333333335,0.8625,0.8475,0.8775,0.833999999999999,0.8239999999999992,0.8419999999999992,1.606665396069837,1.3903136669004077,2.238946825342987,0.98,0.98,0.99,0.84,0.81,0.87,0.9333333333333331,0.9066666666666667,0.9533333333333333,0.8625,0.8475,0.875,0.833999999999999,0.8239999999999987,0.8419999999999991,1.597857749509228,1.3708155102052366,2.2314391731537486
whobin_75,0.2,10,128,relu,100,5,sgd,0,0,0,0,0.0,random,None,0.0,0.8,standard,0,10480262,0.8397085610200364,0.8925318761384337,0.9143897996357013,0.013515924560356394,0.8639951426836673,0.8918882817243479,0.9156041287188829,0.008958020954307248,0.7636612021857924,0.8725819672131148,0.9057377049180327,0.027670497770965564,0.8975409836065574,0.912750455373406,0.924408014571949,0.005907230480211846,0.6941414141414142,0.5406060606060606,0.7933333333333333,0.5688888888888889,0.494949494949495,0.6161616161616161,0.5300336700336733,0.49340067340067695,0.5587878787878735,0.5258080808080808,0.5079292929292929,0.5447979797979798,0.5382626262626242,0.5174141414141408,0.5610101010100935,0.10368820431496857,0.07068116944558066,0.15601045231324734,0.5909090909090909,0.3524242424242424,0.8458585858585859,0.5800000000000001,0.4933080808080808,0.6626262626262627,0.5729629629629605,0.5331313131313173,0.6004882154882143,0.5574242424242424,0.5328409090909091,0.5980808080808081,0.5715151515151458,0.5300202020201962,0.6116868686868664,0.11654418281427367,0.08592337103242209,0.16402999832495416,0.76,0.55,0.86,0.705,0.645,0.785,0.703333333333333,0.6699999999999998,0.7466666666666667,0.7225,0.69,0.755,0.7339999999999995,0.6999999999999997,0.7659999999999992,0.35765916049649005,0.21800344764392152,0.6360128444883331,0.72,0.54,0.87,0.695,0.64375,0.765,0.703333333333333,0.673333333333333,0.7366666666666667,0.72,0.6875,0.7525,0.7319999999999995,0.7014999999999993,0.7659999999999992,0.38420872475018164,0.21352731300644018,0.6625234983754291
whobin_62,0.2,10,128,relu,25,5,sgd,0,0,0,0,0.0,random,None,0.0,0.8,standard,0,10480268,0.4650655021834061,0.8118122270742356,0.8842794759825328,0.06750906336959299,0.5451895043731778,0.8297886297376093,0.8892128279883382,0.06707974705117288,0.5191256830601093,0.8838524590163934,0.9275956284153005,0.04800196546833468,0.5642076502732241,0.8913934426229505,0.9157559198542805,0.03454795919492052,0.21565656565656566,0.1851010101010101,0.27944444444444444,0.27449494949494946,0.24681818181818183,0.3055555555555556,0.31154882154881713,0.2887542087542054,0.338232323232317,0.35199494949494947,0.3336363636363636,0.37462121212121213,0.3906262626262756,0.37529292929294233,0.4108181818181935,0.0990497813048089,0.07147751526619739,0.15134225786370586,0.575050505050505,0.3209090909090909,0.6943939393939395,0.5495454545454546,0.43916666666666665,0.5947727272727273,0.5435690235690229,0.4826430976430998,0.571010101010094,0.5325252525252525,0.5046969696969696,0.5612121212121213,0.5356565656565593,0.5172020202020202,0.5647373737373689,0.17257035908364365,0.13735357072176158,0.2812828872040869,0.45,0.41,0.5,0.48,0.45,0.5,0.5249999999999999,0.5033333333333332,0.5466666666666666,0.5625,0.5425,0.5825,0.5920000000000001,0.5725,0.6119999999999999,0.9989595259267625,0.765370005811679,1.51069975296984,0.45,0.41,0.5,0.485,0.46,0.505,0.5299999999999997,0.5066666666666666,0.5499999999999999,0.5625,0.5425,0.585,0.5939999999999996,0.5740000000000002,0.6099999999999999,0.9744200863525982,0.7633853465706306,1.4927284713867075
whobin_50,0.001,10,128,relu,75,5,adam,0,0,0,0,0.0,random,None,0.0,0.8,standard,0,10480203,0.8579234972677595,0.8887978142076507,0.907103825136612,0.010270462365689903,0.907103825136612,0.9259836065573769,0.9371584699453552,0.005291517356905695,0.9207650273224044,0.9303278688524592,0.9426229508196722,0.005378420678969823,0.9262295081967213,0.9391939890710381,0.9512750455373407,0.004872476295010284,0.4806060606060606,0.34929292929292927,0.6790404040404041,0.5432323232323233,0.48803030303030304,0.5766414141414142,0.5805387205387147,0.5422222222222198,0.617946127946118,0.6101010101010101,0.5806313131313132,0.6380429292929293,0.623353535353536,0.5884040404040368,0.6577272727272789,0.43257933154572026,0.33649880589092096,0.5468614191387214,0.4998989898989899,0.3528787878787879,0.7458585858585859,0.571060606060606,0.4648989898989899,0.8109848484848484,0.5816161616161557,0.5106397306397299,0.6480134680134458,0.5835353535353536,0.5413257575757575,0.6036868686868687,0.5701818181818138,0.5425151515151463,0.6092121212121127,0.5543612979377751,0.3519096399967417,0.6886701351817506,0.44,0.22,0.65,0.51,0.375,0.63,0.5666666666666664,0.47750000000000015,0.6333333333333329,0.5975,0.555,0.645,0.6239999999999999,0.5960000000000002,0.6599999999999997,2.69370622170179,1.4968503630919423,3.3385664731167095,0.43,0.21,0.6525000000000001,0.49,0.37,0.63,0.5599999999999996,0.4866666666666667,0.6366666666666663,0.6025,0.565,0.6425,0.6299999999999999,0.6020000000000001,0.6659999999999998,2.5590716955923134,1.4054208712182286,3.2238255416419457
whobin_94,0.2,10,128,relu,50,5,sgd,0,0,0,0,0.0,random,None,0.0,0.8,standard,0,10480247,0.6928675400291121,0.8586899563318778,0.9082969432314411,0.03891103869718011,0.8620019436345967,0.8911856171039847,0.913022351797862,0.008149897657888254,0.7704918032786885,0.8753688524590164,0.9180327868852459,0.02610816578929825,0.8765938069216758,0.8973406193078324,0.9121129326047359,0.00781899344363482,0.7115151515151515,0.4392929292929293,0.8108080808080809,0.5536363636363636,0.49590909090909085,0.5858585858585859,0.5159595959595968,0.486801346801348,0.5391582491582481,0.5127777777777778,0.49502525252525253,0.5334848484848485,0.5273535353535291,0.5090909090909062,0.5538585858585842,0.13755635092585072,0.11584975612008314,0.1950476291837169,0.7584848484848485,0.4193939393939394,0.8648484848484849,0.5956060606060606,0.4922727272727273,0.6612626262626263,0.5447811447811417,0.49095959595959976,0.5736026936026881,0.5220959595959596,0.49999999999999994,0.5401767676767677,0.5232727272727249,0.5095858585858557,0.5475555555555511,0.14385817026571335,0.09909130532817662,0.21334374602062628,0.81,0.68,0.895,0.725,0.695,0.7625,0.72,0.69,0.75,0.725,0.6975,0.755,0.7359999999999993,0.7099999999999994,0.7609999999999992,0.545963998540775,0.26344330955085404,0.945309488525737,0.8,0.67,0.9,0.72,0.69,0.765,0.7166666666666668,0.69,0.75,0.7225,0.695,0.7525,0.7349999999999997,0.7059999999999998,0.7619999999999995,0.4956429107130906,0.25129301057853415,0.917012689162351
